embedding_index,document_id,document_preview
0,doc_0,"Vida Acadêmica – Reprovação por FI
Sobre Reprovaçã"
1,doc_1,"Acadêmica.
Ainda, neste mesmo artigo, no § 2º ao §"
2,doc_2,"menos de 75% de frequência na disciplina (FI 25%, "
3,doc_3,Cabe a cada professor zelar por esta norma para qu
4,doc_4,"Grupo de Whats app para avisos do NAE
O NAE inform"
5,doc_5,"setor
Prezados e prezadas estudantes,
Informamos q"
6,doc_6,"Núcleo de Assistência Estudantil – UFSC Blumenau
h"
7,doc_7,"Rosane Terezinha Back Campanelli – assistente
soci"
8,doc_8,"(Edital de resultados)
Programas da Assistência Es"
9,doc_9,"2/4
A Pró-Reitoria promulgou o novo Edital com os "
10,doc_10,"de Línguas Estrangeiras
A PRÓ-REITORA DE PERMANÊNC"
11,doc_11,O Cadastro PRAE é um instrumento técnico-operativo
12,doc_12,setores em parceira com esta. Para mais informaçõe
13,doc_13,E-mail: assistenciaestudantil.blumenau@contato.ufs
14,doc_14,"Moradia, de Auxílio Internet e de Auxílio Creche, "
15,doc_15,"Núcleo de Assistência Estudantil – UFSC Blumenau
h"
16,doc_16,"RESOLUÇÃO Nº 17/CUn/97, DE 30 DE SETEMBRO DE 1997."
17,doc_17,"ALTERADO pelas Resoluções nº 07/CUn/1998, 10/CUn/2"
18,doc_18,"TÍTULO II 
Do Colegiado de Curso 
Capítulo I 
Das "
19,doc_19,"IV - analisar, aprovar e avaliar os planos de ensi"
20,doc_20,"Graduação; 
VIII - deliberar sobre os pedidos de p"
21,doc_21,"Capítulo II 
Da Constituição do Colegiado 
Art. 4º"
22,doc_22,"para o currículo do curso, mas que não atinjam a p"
23,doc_23,"mandato de 2 (dois) anos; 
Parágrafo único - Os re"
24,doc_24,"Regimento.  
Art. 6º - A indicação dos representan"
25,doc_25,"Art. 9º - A representação discente será eleita, an"
26,doc_26,§ 1º - Nos casos em que nenhum Departamento ofereç
27,doc_27,caberá ao Colegiado do Departamento definir os Pre
28,doc_28,"Resolução Nº 018/CUn/2004) 
Art. 10-A - Poderão se"
29,doc_29,responsáveis por carga horária igual ou superior a
30,doc_30,"(sugestão: alterar os parágrafos para 1° e 2°) 
Pa"
31,doc_31,Art. 10-D - O Subcoordenador substituirá o Coorden
32,doc_32,"para completar o mandato.  
Capítulo III 
Das Atri"
33,doc_33,"V – decidir, ad referendum, em caso de urgência, s"
34,doc_34,"X – decidir sobre pedidos referentes a matrícula, "
35,doc_35,Art. 11. Compete ao Coordenador do Curso: (Redação
36,doc_36,"VI - elaborar os horários de aula, ouvidos os Depa"
37,doc_37,XII - validar disciplinas cursadas em outras insti
38,doc_38,"disposto neste Regulamento;  
XVII – coordenar as "
39,doc_39,XXII – promover a articulação com o Escritório de 
40,doc_40,XXVI - exercer outras atribuições previstas em lei
41,doc_41,"mencionando-se a pauta.  
§ 2º - Em caso de urgênc"
42,doc_42,"na 
docência 
da 
UFSC 
ou, 
em 
igualdade 
de 
co"
43,doc_43,"ordenadas por meio de pré-requisitos, quando didat"
44,doc_44,"matrícula e seqüência curricular.  
c) Pré-requisi"
45,doc_45,"III - disciplinas optativas, obedecidos os pré-req"
46,doc_46,§ 2º - O aluno que desejar cursar disciplinas de l
47,doc_47,"a) Os Colegiados de Curso deverão estabelecer, pre"
48,doc_48,"Subseção II 
Das Alterações Curriculares 
Art. 16 "
49,doc_49,"II - relação das disciplinas; 
III - equivalências"
50,doc_50,"Graduação para as devidas providências.  
Art. 19 "
51,doc_51,"exigidos no art. 17.  
Art. 20 - As alterações cur"
52,doc_52,Art. 22 - O calendário escolar estabelecerá os pra
53,doc_53,"devidamente justificada.  
§ 3º - Será facultado a"
54,doc_54,"Parágrafo único - A alteração do horário de aula, "
55,doc_55,Parágrafo único - A duração de cada aula será de 5
56,doc_56,"de pré-requisitos e de carga horária máxima.  
Par"
57,doc_57,Departamento de Administração Escolar-DAE as disci
58,doc_58,"Administração Escolar-DAE o acréscimo de vagas.  
"
59,doc_59,"menor número de alunos.  
 
Capítulo II 
Do Regime"
60,doc_60,do curso e o prazo mínimo e máximo para a conclusã
61,doc_61,§ 2º - Não se aplicará o disposto neste artigo ao 
62,doc_62,"estabelecido pelo Calendário Escolar, junto às sec"
63,doc_63,Art. 34 - No ato da matrícula inicial (primeira et
64,doc_64,IV - certidão de conclusão do ensino de 2° Grau e 
65,doc_65,tinha mais de 18 anos quando prestou o referido ex
66,doc_66,VIII - o documento intitulado “dados cadastrais” d
67,doc_67,"fase, para assinatura do Termo de Confirmação de M"
68,doc_68,Art. 36 - O candidato classificado que não compare
69,doc_69,houver possibilidade de o convocado cumprir pelo m
70,doc_70,§ 3° - Será substituído pelo candidato imediatamen
71,doc_71,"vínculo com a instituição, o aluno ingressante que"
72,doc_72,§ 4° - Caberá ao Presidente do Colegiado do Curso 
73,doc_73,"008/CUn/2001) 
§ 5° - As vagas do Processo Seletiv"
74,doc_74,classificação única dos candidatos para os dois se
75,doc_75,"quando convocado para tal fim, perderá o direito d"
76,doc_76,"classificados no Processo Seletivo.  
 
Subseção I"
77,doc_77,transferência pela instituição de ensino superior 
78,doc_78,"Escolar, no Departamento de Administração Escolar-"
79,doc_79,"selecionado; 
IV - visto temporário, emitido pela "
80,doc_80,"(Redação dada pela Resolução nº 07/CUn/1998) 
§ 1º"
81,doc_81,"IV- “visto temporário IV”, emitido pelas missões d"
82,doc_82,"Seção II 
Da Renovação da Matrícula 
Art. 41 - A m"
83,doc_83,"I - aluno regular, do curso em que a turma está al"
84,doc_84,"(FS), ou que cancelou a matrícula anteriormente; 
"
85,doc_85,"disciplinas requerido; 
VII - aluno de outro curso"
86,doc_86,"IX - outros interessados, conforme estabelecido no"
87,doc_87,"II - CHC é a carga horária cursada;  
III - CHT é "
88,doc_88,"pré-requisitos.  
Parágrafo único - O Colegiado do"
89,doc_89,"considerada abandono de curso, desfazendo-se o vín"
90,doc_90,"do Desporto, será concedida matrícula de cortesia,"
91,doc_91,"III - técnico estrangeiro, que preste serviço em t"
92,doc_92,"Brasil e a organização, desde que em seu contrato "
93,doc_93,freqüentarão na condição de aluno especial de disc
94,doc_94,"500 horas-aula ao longo do curso, respeitados a ex"
95,doc_95,"disciplina de seu currículo.  
Art. 51 - O candida"
96,doc_96,"I - a existência de vagas; 
II - os pré-requisitos"
97,doc_97,"§ 4º - Em casos especiais, quando estabelecido em "
98,doc_98,"Parágrafo único - Em nenhuma hipótese, disciplinas"
99,doc_99,"ética profissional.  
Art. 55 - Matrículas como al"
100,doc_100,"Seção IV 
Do Cancelamento de Matrícula 
Art. 57 - "
101,doc_101,"Seção V 
Do Trancamento de Matrícula 
Art. 58 - O "
102,doc_102,§ 2º - É vedado o trancamento de matrícula no seme
103,doc_103,estabelecido pelo Conselho Nacional de Educação pa
104,doc_104,"histórico escolar, o número de semestres restantes"
105,doc_105,"integralização curricular, poderá o aluno requerer"
106,doc_106,Administração Escolar-DAE cancelará o registro do 
107,doc_107,"Resolução nº 07/CUn/1998) 
Parágrafo único - Caber"
108,doc_108,representação consular ou Embaixada Brasileira no 
109,doc_109,"ser atingidos conjuntamente.  
§ 1o - A verificaçã"
110,doc_110,"Administração Escolar-DAE.  
§ 4º - Cabe ao aluno "
111,doc_111,"propostos no plano de ensino.  
Art. 70 - A verifi"
112,doc_112,"Departamento de Ensino, arcando com os custos da m"
113,doc_113,envolvam atividades de laboratório ou clínica defi
114,doc_114,§ 4o - Ao aluno que não comparecer às avaliações o
115,doc_115,"fracionadas aquém ou além de 0,5 (zero vírgula cin"
116,doc_116,§ 3º - O aluno enquadrado no caso previsto pelo § 
117,doc_117,"circunstanciada, dentro de 02 (dois) dias úteis, a"
118,doc_118,"Departamento, cujo Chefe designará comissão consti"
119,doc_119,"pertence, dentro do prazo de 3 (três) dias úteis, "
120,doc_120,"período letivo seguinte, será atribuída ao aluno, "
121,doc_121,"I - a aluna gestante, a partir do 8º mês de gestaç"
122,doc_122,"b) ocorrência isolada ou esporádica.  
Parágrafo ú"
123,doc_123,Art. 77 - Este regime de exceção será concedido pe
124,doc_124,"aprovação em todas as disciplinas do bloco.  
Art."
125,doc_125,a) - não alcançar aprovação em três ou mais discip
126,doc_126,"além do que é estabelecido no art. 60, constarão t"
127,doc_127,"Das Vagas nos Cursos de Graduação 
Seção I 
Do Núm"
128,doc_128,"Art. 83 - O número total de vagas de curso (NVC), "
129,doc_129,"números de vagas iniciais dos cursos.  
 
Seção II"
130,doc_130,"Art. 85 - Na elaboração da proposta, consultados o"
131,doc_131,diligenciar para que se distribuam de forma divers
132,doc_132,"Seção III 
Das Vagas Disponíveis para Atendimento "
133,doc_133,"§ 2º - O Colegiado do Curso, ouvidos os Departamen"
134,doc_134,§ 4°- Haverá vagas disponíveis para serem preenchi
135,doc_135,"serem preenchidas por :  
I - transferência intern"
136,doc_136,"b) - curso com ingresso no segundo semestre;  
c) "
137,doc_137,Departamento de Administração Escolar-DAE emitirá 
138,doc_138,"Das Transferências, Retornos e Permanência 
Art. 9"
139,doc_139,§ 1°- Para candidatar-se a vaga por transferência 
140,doc_140,§ 2°- A solicitação de transferência externa somen
141,doc_141,IV - graduado que pretenda fazer novo curso ou nov
142,doc_142,conclusão do curso. (Redação dada pela Resolução N
143,doc_143,quando se tratar de servidor público federal ou me
144,doc_144,"Curso.  
§ 2°- O aluno que requerer matrícula por "
145,doc_145,"c) atestado de residência anterior e atual.  
§ 3°"
146,doc_146,"§ 4° - A solicitação de transferência coercitiva, "
147,doc_147,b) transferência interna para outra habilitação ou
148,doc_148,b) transferência externa de aluno oriundo de outro
149,doc_149,"Departamento de Administração Escolar-DAE.  
§ 1º "
150,doc_150,"preenchidas com base no IAA, ou equivalente, do cu"
151,doc_151,"transferência e retorno, estabelecendo o prazo e a"
152,doc_152,"definida pelo Conselho Nacional de Educação.  
§ 1"
153,doc_153,disciplinas desdobradas de matéria dos parâmetros 
154,doc_154,Art. 98 - Quando o somatório da carga horária das 
155,doc_155,bem como para o reingresso na UFSC por novo Proces
156,doc_156,"necessidade de adaptação do conteúdo, para adequá-"
157,doc_157,"Graduação da UFSC, nas disciplinas em que possua n"
158,doc_158,"de 
Ensino 
de 
Graduação.  
   
 
Capítulo VII 
D"
159,doc_159,"graduado para nova habilitação do mesmo curso, ser"
160,doc_160,realizados em outras instituições de ensino superi
161,doc_161,"CHV = carga horária validada,  
CHMSC = carga horá"
162,doc_162,II - de mudança de turno na mesma habilitação do m
163,doc_163,Parágrafo único - Caberá ao Presidente do Colegiad
164,doc_164,§ 1º - O caráter público e acadêmico deverá ser pr
165,doc_165,"destacado em seu curso.  
Art. 111 - A Medalha de "
166,doc_166,Art. 113 - O Certificado de Desempenho Acadêmico s
167,doc_167,"II - não ter tido reprovação durante o curso;  
II"
168,doc_168,"validadas no semestre;  
II - estar matriculado em"
169,doc_169,"Da Regulamentação Disciplinar 
Seção I 
Do Regime "
170,doc_170,"I - a integridade física e moral da pessoa;  
II -"
171,doc_171,"IV - grau de ofensa. 
Art. 120 - As penas constant"
172,doc_172,"Universitário.  
Art. 122 - Apresentada a denúncia"
173,doc_173,horas para apresentação de defesa e oferecimento d
174,doc_174,"VI - concluída a audiência de instrução, no prazo "
175,doc_175,§ 1°- A comissão de inquérito será constituída por
176,doc_176,"oito) horas, protestando pelas provas que pretenda"
177,doc_177,Art. 124 - A sanção aplicada será comunicada à Pró
178,doc_178,"cientificados e poderão acompanhar o processo.  
 "
179,doc_179,"Centros Acadêmicos. 
Art. 129 - O Comitê de Recepç"
180,doc_180,"Unidade, que determinará as medidas punitivas cabí"
181,doc_181,§ 2º -Toda e qualquer atividade de recepção ao alu
182,doc_182,"dada pela Resolução nº 10/CUn/2000) 
§ 1º A partic"
183,doc_183,"superior a 30 dias, com a conseqüente proibição de"
184,doc_184,"assegurado o direito de ampla defesa, que deverá o"
185,doc_185,I - propor e coordenar as atividades que visem à i
186,doc_186,"encaminhando, através de seu Presidente, o respect"
187,doc_187,"Resolução nº 10/CUn/2000) 
§ 1º Da decisão do Cole"
188,doc_188,§ 4º Será de dez dias o prazo para a interposição 
189,doc_189,"Capítulo IX 
Dos Recursos 
Art. 132 - Das decisões"
190,doc_190,V - do Conselho da Unidade de Ensino às Câmaras de
191,doc_191,Parágrafo único - Os recursos previstos nos inciso
192,doc_192,Art. 135 - A presente Resolução entra em vigor na 
193,doc_193,"054/CEPE/95, 056/CEPE/95, 060/CEPE/95, 005/CEPE/96"
194,doc_194,"SERVIÇO PÚBLICO FEDERAL 
UNIVERSIDADE FEDERAL DE S"
195,doc_195,"RESOLUÇÃO NORMATIVA Nº 117/2018/CUn, DE 27 DE FEVE"
196,doc_196,vista a decisão plenária proferida na sessão ordin
197,doc_197,§ 2º Os casos omissos deverão ser justificados pel
198,doc_198,"Nome,Email,Telefone,Localização,Cargo
Rafael Leona"
199,doc_199,"Alex Fabiano Bueno,alex.bueno@ufsc.br,""(48) 3721-3"
200,doc_200,"Cristina Luz Cardoso,cristina.cardoso@ufsc.br,""(48"
201,doc_201,"Fábio Rafael Segundo,fabio.segundo@ufsc.br,""(48) 3"
202,doc_202,"Leonardo Mejia Rincon,leonardo.mejia.rincon@ufsc.b"
203,doc_203,"Marilise Luiza Martins dos Reis Sayão,marilise.rei"
204,doc_204,# Optimized Hybrid Search Script
205,doc_205,"import os
import torch
import numpy as np
from sen"
206,doc_206,"import re
import asyncio
import faiss
import mmap
"
207,doc_207,"# Global variables and configuration
WEIGHT_SEMANT"
208,doc_208,"# Set up the Ollama client with custom timeout
cli"
209,doc_209,"def put(self, key: str, value: Any) -> None:
     "
210,doc_210,"# Asynchronous function to preload the model
async"
211,doc_211,# Function to load and preprocess documents using 
212,doc_212,"def process_file(file_path: str, max_length: int) "
213,doc_213,"# Improved text preprocessing function
def preproc"
214,doc_214,"def split_long_text(text: str, max_length: int = 5"
215,doc_215,"if current_chunk:
        chunks.append(' '.join(c"
216,doc_216,# Function to generate and cache embeddings using 
217,doc_217,"if len(embeddings) == len(documents):
            "
218,doc_218,"logger.info(""Generating embeddings..."")
    embedd"
219,doc_219,"# Updated hybrid_search function with FAISS
def hy"
220,doc_220,"semantic_indices = torch.tensor(I[0])
    
    # B"
221,doc_221,bm25_scores_rescored = (bm25_scores_rescored - bm2
222,doc_222,"return [(idx.item(), score.item()) for idx, score "
223,doc_223,"def adjust_weight(feedback: str) -> None:
    glob"
224,doc_224,"# Asynchronous function to interact with Ollama
as"
225,doc_225,"try:
        response = await asyncio.to_thread(
 "
226,doc_226,"{""role"": ""user"", ""content"": f""Context: {context}\n"
227,doc_227,"if ""503"" in str(e):
            logger.warning(""Th"
228,doc_228,"def get_user_query() -> str:
    return input(""Ent"
229,doc_229,"if len(documents) < 5:
        logger.warning(""Not"
230,doc_230,# Initialize the model (using a more suitable pre-
231,doc_231,"bm25 = BM25Okapi(tokenized_corpus)
    
    logger"
232,doc_232,"except RuntimeError as e:
            logger.error"
233,doc_233,"logger.info(""\nTop search results:"")
        for i"
234,doc_234,"# Use Ollama to process the top results
        to"
235,doc_235,"Vida Acadêmica – Matrícula Calouros
Sejam bem-vind"
236,doc_236,"Senha”, em seguida o sistema encaminhará uma nova "
237,doc_237,Local para a entrega dos documentos: Auditório da 
238,doc_238,"estabelecido, estará impedido de realizar a Etapa "
239,doc_239,"cotas sociais da Política de Ações Afirmativas, de"
240,doc_240,IV – atestado de vacinação contra rubéola (para ca
241,doc_241,"Política de Ações Afirmativas
Todos os estudantes "
242,doc_242,"Guia do Estudante – UFSC Blumenau
https://guiadoes"
243,doc_243,"1 
 
 
UNIVERSIDADE FEDERAL DE SANTA CATARINA 
CAM"
244,doc_244,atividades acadêmico-científico-culturais (ativida
245,doc_245,pedagógico do curso e legislação vigentes. O contr
246,doc_246,O cumprimento das 120 horas de atividades acadêmic
247,doc_247,cargas horárias estão sumarizadas na tabela de ati
248,doc_248,"AUTOMAÇÃO 
 
1. Requerimento padrão dirigido ao(a)"
249,doc_249,4. O(A) Coordenador(a) mediante análise do relatór
250,doc_250,"ACADÊMICO-CIENTÍFICO-CULTURAIS
Parágrafo único: A "
251,doc_251,"30h/semestre
Certificado e relatório de
atividades"
252,doc_252,"60h
5
Publicação completa científica
10h/unidade
C"
253,doc_253,"15h/unidade
30h
9
Participação como ouvinte em def"
254,doc_254,"análogos;
2h/semestre
10h
13
Participação em Socie"
255,doc_255,"igual a 75%
10h/semestre
Cópia da portaria de nome"
256,doc_256,"SERVIÇO PÚBLICO FEDERAL
UNIVERSIDADE FEDERAL DE SA"
257,doc_257,Engenharia de Controle e Automação da Universidade
258,doc_258,Art. 2º - O estágio a que se refere o Art. 1º dest
259,doc_259,"obrigatório e não obrigatório.
Art. 4º - O Estágio"
260,doc_260,seguindo conforme definido pelo Regimento de Traba
261,doc_261,"CAPÍTULO III
DOS CAMPOS DE ESTÁGIO
Art. 6º - Serão"
262,doc_262,II – unidades universitárias e órgãos administrati
263,doc_263,de trabalho que sejam relacionadas com as áreas pr
264,doc_264,"Universidade e a concedente de estágio; 
III – for"
265,doc_265,"estágios (Anexo 1).
VI – inclusão e registro da at"
266,doc_266,concedente do campo de estágio é a própria Univers
267,doc_267,"pré-requisitos:
I - Não acumular o Estágio Não-Obr"
268,doc_268,III – Haver integralizado 600 (seiscentas) horas-a
269,doc_269,sem que seja necessário o atendimento do Pré-requi
270,doc_270,"regimento específico. 
Art. 10º – A renovação do e"
271,doc_271,"Normativa nº 73/2016/Cun, de 7 de junho de 2016.
A"
272,doc_272,"consecutivos ou não, no período de um mês, ou por "
273,doc_273,"instituição de ensino.
§  1º  -  O  termo  de  com"
274,doc_274,de estágios com bolsa que ocorrerem antes do usufr
275,doc_275,"§1º Estágios Não-Obrigatórios e Obrigatórios, quan"
276,doc_276,Fim de Curso – Estágio Curricular Obrigatório a se
277,doc_277,"Seção I
Da Orientação e Supervisão dos estágios
Ar"
278,doc_278,do curso Engenharia de Controle e Automação com ár
279,doc_279,"estudantes simultaneamente.
III – A seleção de ori"
280,doc_280,"da unidade concedente do campo de estágio, com for"
281,doc_281,"§ 1.o - No caso de estágio curricular obrigatório,"
282,doc_282,"(SIARE).
§ 3º - A entrega dos relatórios finais de"
283,doc_283,ambiente de estágio e nota da avaliação por parte 
284,doc_284,"Apresentação Pública do Relatório de Estágio.
§3 –"
285,doc_285,iii. Avaliação pessoal sobre as atividades e local
286,doc_286,"fazer o registro das notas.
Art. 20º - O estágio n"
287,doc_287,II - Atividades realizadas devem estar vinculadas 
288,doc_288,b) Período de realização do trabalho formal com ca
289,doc_289,"Em caso positivo, será indicado um docente para or"
290,doc_290,"TÍTULO III
DA COMISSÃO DE ESTÁGIO
CAPÍTULO I
DAS A"
291,doc_291,estágios;                                         
292,doc_292,VIII – exigir do estagiário a apresentação periódi
293,doc_293,"campo de estágio.
CAPÍTULO II
DA CONSTITUIÇÃO DA C"
294,doc_294,§ 2º - Ao coordenador de estágios serão designadas
295,doc_295,I - Convocar e presidir as reuniões da comissão de
296,doc_296,"mantendo-a à disposição da fiscalização;
VII – fi"
297,doc_297,"2008.
Art. 27º – Das decisões do Coordenador de Es"
298,doc_298,"Blumenau-SC, 27 de Novembro de 2023.
Regulamento a"
299,doc_299,"julho de 2021.
Revisão 4 aprovada na 52ª Reunião O"
300,doc_300,Aluno:____________________________________________
301,doc_301,II - Não possuir mais do que 1 (uma) reprovação no
302,doc_302,VI - Ter cursado a quantidade de créditos mínimos 
303,doc_303,realização de mais um estágio Não-Obrigatório (no 
304,doc_304,"Blumenau, ____de __________ de  20____.
__________"
305,doc_305,TÍTULO DO ESTÁGIO:                                
306,doc_306,"3. Criatividade e Iniciativa Apresentada
 
   cap"
307,doc_307,clara e está de acordo com as Normas Técnicas de A
308,doc_308,"Conceito Final (média aritmética): 
Página 1 de 2
"
309,doc_309,"A CARGO DO(A) SUPERVISOR(A)
O(A) aluno(a) concluiu"
310,doc_310,"Conceito Final:        
 
 _
  
__________________"
311,doc_311,"(   ) Com aproveitamento
(   ) Sem aproveitamento
"
312,doc_312,"Conceito Final:        
 
 _
  
__________________"
313,doc_313,Subsídios:
314,doc_314,"NOTA:                    
_______________________
"
315,doc_315,"Currículo ECA 2023/2
Atualizações
●
Departamentali"
316,doc_316,"○
Atividades de extensão em certas disciplinas
○
A"
317,doc_317,"várias de outros departamentos.
●
Precisam cursar "
318,doc_318,"passarem, precisam fazer pré-cálculo ao invés de C"
319,doc_319,"●
Equivalências novas importantes
○
BLU6001 Cálcul"
320,doc_320,"(Mecatrônica, Controle, 
Computação)
■
144 HA em q"
321,doc_321,"○
108 HA em Optativas complementares
Nova organiza"
322,doc_322,"●
Optativas Especializadas em Mecatrônica
○
CAC301"
323,doc_323,"○
CAC3023 Programação Orientada de Objetos
○
CAC30"
324,doc_324,"○
CAC3002 Identiﬁcação e Controle Adaptativo de Si"
325,doc_325,"○
MAT4741 Métodos Numéricos
○
CAC7011 Tecnologias "
326,doc_326,"●
Reorganização das optativas especializadas
○
Mai"
327,doc_327,"●
Disciplinas antigas que serão mantidas
○
BLU7215"
328,doc_328,"Validação de Disciplinas
VALIDAÇÃO DE DISCIPLINAS
"
329,doc_329,Resolução 17/CUn/97 Artigos 97 a 101 e respectivos
330,doc_330,"validação, preenchendo uma relação de compatibilid"
331,doc_331,"autenticada pela Secretaria Acadêmica, assinado pe"
332,doc_332,"1/3
Os documentos deverão estar devidamente carimb"
333,doc_333,"declaração de equivalência;
Para alcançar a equiva"
334,doc_334,"curso da UFSC.
4 Preencher o pedido no PAI (Portal"
335,doc_335,nota igual àquela obtida na instituição de ensino 
336,doc_336,"disciplina a ser validada.
Do comparecimento em au"
337,doc_337,"2/3
A Secretaria Acadêmica informará ao estudante "
338,doc_338,"Imprimir
 Próximo
 Anterior
 Sair
UNIVERSIDADE FED"
339,doc_339,"005/CUn/2001, constante do Processo n.º 23080.0032"
340,doc_340,"Resolução.
Art. 2º Todo aluno regularmente matricu"
341,doc_341,"§ 1º O aluno interessado poderá requerer, a critér"
342,doc_342,Art. 3º O graduando interessado em prestar o Exame
343,doc_343,"efetuada nos primeiros dias de aula, por professor"
344,doc_344,"avaliação escritos e orais, que abrangerão os cont"
345,doc_345,"07/08/2024, 10:08
notes.ufsc.br/aplic/RESOCONS.NSF"
346,doc_346,Art. 6º Do resultado da avaliação será lavrada ata
347,doc_347,"avaliação.
§ 1º No final do segundo semestre letiv"
348,doc_348,https://notes.ufsc.br/aplic/RESOCONS.NSF/eab68f213
349,doc_349,"MINISTÉRIO DA EDUCAÇÃO 
UNIVERSIDADE FEDERAL DE SA"
350,doc_350,"Educação, 
RESOLVE: 
Art. 1º Estabelecer as seguin"
351,doc_351,"BLU6001 
Cálculo I 
108h-a 
MAT2101 e MAT2201 
BLU"
352,doc_352,"36h-a 
BLU6009 ou BLU6010 ou CEE6209 
BLU3302 
Mic"
353,doc_353,"BLU3403 
Sistemas de Automação 
90h-a 
CAC3403 
BL"
354,doc_354,"Sistemas de Controle 
108h-a 
CAC3602 
BLU3603 
Ac"
355,doc_355,"36h-a 
BLU2505 ou CAC2505 
BLU3700 
Metrologia e I"
356,doc_356,"72h-a 
BLU1026 ou BLU2300 ou BLU3703 
ou DET3706 
"
357,doc_357,"72h-a 
CAC7011 
BLU7991 
Língua Brasileira de Sina"
358,doc_358,"72h-a 
CAC3043 
BLU3044 
Tópicos Avançados em Rede"
359,doc_359,"72h-a 
CAC3013 
BLU3014 
Eletrônica de Potência 
1"
360,doc_360,"72h-a 
CAC3003 
BLU3004 
Introdução ao Controle Pr"
361,doc_361,de Graduação em Engenharia de Controle e Automação
362,doc_362,"Assinado digitalmente por Dilceane Carraro .
 
3 
"
363,doc_363,"Controle de 
Processos 
CAC3043 
Sistemas Não-Line"
364,doc_364,Rol de Disciplinas Optativas Especializadas em Mec
365,doc_365,"CAC3042 
Eletrônica Avançada 
72h-a 
4h-a 
Op 
CAC"
366,doc_366,"Rol 
Código 
Disciplina 
CH 
Total 
CH 
Semanal 
T"
367,doc_367,"CAC3045 
Engenharia de Software 
72h-a 
4h-a 
Op 
"
368,doc_368,"Inteligência Artificial 
72h-a 
4h-a 
Op 
CAC3202 "
369,doc_369,Optativas Complementares do currículo 2014.1 do Cu
370,doc_370,"Complementa 
DET1813 
Microeconomia 
36h-a 
2h-a 
"
371,doc_371,"Requisito 
Equivalência 
Disciplinas Optativas 
Es"
372,doc_372,"como suas disciplinas, pertencente ao currículo 20"
373,doc_373,"Assinado digitalmente por Dilceane Carraro .
 
5 
"
374,doc_374,Incluir a menção: “Disciplinas Optativas – 72h-a” 
375,doc_375,Art. 13º Incluir a menção: “Disciplinas Optativas 
376,doc_376,aprovação a disciplina BLU8001 – Microeconomia até
377,doc_377,cumprir uma carga horária de 792h-a em disciplinas
378,doc_378,"da UFSC, com efeitos a partir do segundo semestre "
379,doc_379,"Programa ANDIFES de Mobilidade
Acadêmica
As Instit"
380,doc_380,realização de estudos por até 2 semestres em outra
381,doc_381,"de mobilidade.
O aluno participante do programa te"
382,doc_382,"de 2024.
Acesse aqui o Formulário de Inscrição, so"
383,doc_383,"1/2
Em caso de dúvida, favor entrar em contato com"
384,doc_384,"de 2024.
Instituições Participantes do Programa
Ac"
385,doc_385,"Exame de Aproveitamento
Extraordinário de Estudos
"
386,doc_386,Você deve anexar ainda seu histórico escolar e doc
387,doc_387,"Cursos pelo link  abaixo, e optar pelo serviço “ R"
388,doc_388,"Contatos
Sede Administrativa (Bloco C)
Rua João Pe"
389,doc_389,"Direção administrativa do Campus: 
26/06/2024, 21:"
390,doc_390,"CURSOS EXTRACURRICULARES DE IDIOMAS 2024.2
Prezada"
391,doc_391,"disponibilizados para as inscrições, bem como os p"
392,doc_392,"Cronograma Cursos Extracurriculares 2024.2 
Reforç"
393,doc_393,">>>Clique aqui para preenche o Formulário.
O NuPe "
394,doc_394,"07/08/2024, 10:10
Núcleo Pedagógico UFSC Blumenau
"
395,doc_395,"** Atividade sem certificação.
PIAPE DIVULGA CRONO"
396,doc_396,intermoleculares e propriedades associadas. Estrut
397,doc_397,Pearson. Forças intermoleculares: líquidos e sólid
398,doc_398,"Divulgamos 
o 
resultado 
provisório 
do 
processo"
399,doc_399,seletivo para bolsa de  extensão (Edital 001/2024 
400,doc_400,Este documento tem a intenção de documentar os pro
401,doc_401,"plina_Ensino_Legisla%C3%A7%C3%A3oUFSC.pdf
Lista em"
402,doc_402,"são:
1. Cumprir 792HA em optativas sendo que:
a. 1"
403,doc_403,d. 108HA de Disciplinas Optativas Complementares d
404,doc_404,"um dos alunos possa ser avaliada.
2. A coordenação"
405,doc_405,período de matrícula e ajustes de acordo com o cal
406,doc_406,"comunicado ao aluno.
3 - Choque de horário
Não há "
407,doc_407,"●
2ª etapa de matrículas online (ajuste)
●
Pedidos"
408,doc_408,"carga horária fora do máximo/mínimo
4.1 - Dúvidas "
409,doc_409,"tem que passar pelo colegiado.
Sugiro olhar as dis"
410,doc_410,algumas turmas ou até mesmo abrir novas turmas. É 
411,doc_411,"abrir mais turmas, porém, como trabalhamos com est"
412,doc_412,print da tela atual do CAGR do cadastro de turmas.
413,doc_413,"Prezados alunos,
Gostaríamos de reforçar algumas i"
414,doc_414,vagas nas turmas escolhidas. Caso ocorra qualquer 
415,doc_415,"Caso o aluno tenha inserido somente o Plano 1, o C"
416,doc_416,"Equivalências:
BLU6106 - Física I
CEE6106 - Física"
417,doc_417,"BLU8001 - Microeconomia
DET1813 - Microeconomia
Pa"
418,doc_418,2) 144 horas-aula em disciplinas Optativas em Enge
419,doc_419,"(OECL). Ou seja, o aluno pode fazer qualquer disci"
420,doc_420,"396 horas), essas horas adicionais em disciplinas "
421,doc_421,"são oferecidas na UFSC Blumenau.
Em caso de dúvida"
422,doc_422,[4] https://guiadoestudante.blumenau.ufsc.br/valid
423,doc_423,"Sala A004 - Sede Acadêmica - bloco A
5 - Faltas
Nã"
424,doc_424,"6 - Validação de Disciplinas
De acordo com a Resol"
425,doc_425,"avaliação da validação.
No caso de disciplinas do "
426,doc_426,disciplinas “coringa” (sem ementa) para fazer a va
427,doc_427,"Currículo Engenharia Elétrica UFSC/Florianópolis
h"
428,doc_428,"9 - Funcionamento Secretarias de
Curso
Prezados e "
429,doc_429,"duas servidores, a fim de dar agilidade as demanda"
430,doc_430,"email secretariadecurso.bnu@contato.ufsc.br
Também"
431,doc_431,"AACCs serão feitos através do PAI.
Seguimos à disp"
432,doc_432,"Nome,Email,Telefone,Localização,Cargo
Claudia Merl"
433,doc_433,"Johnny de Nardi Martins,johnny.martins@ufsc.br,""(4"
434,doc_434,"Leonardo Ulian Lopes,leonardo.ulian@ufsc.br,""(48) "
435,doc_435,"Wanderson Santana da Silva,w.santana@ufsc.br,""(48)"
436,doc_436,"Cíntia Rosa da Silva,cintia.r@ufsc.br,""(48) 3721-3"
437,doc_437,"Edilaine Aparecida Vieira,edilaine.vieira@ufsc.br,"
438,doc_438,"Nome,Email,Telefone,Localização,Cargo
Fernando Fuz"
439,doc_439,"Guilherme Wagner,guilherme.w@ufsc.br,""(48) 3721-33"
440,doc_440,"José Wilmo da Cruz Junior,jose.w.cruz@ufsc.br,""(48"
441,doc_441,"Lidiane Meier,lidiane.meier@ufsc.br,""(48) 3721-337"
442,doc_442,"Nara Rubiano da Silva,nara.rubiano@ufsc.br,""(48) 3"
443,doc_443,"Dúvida: Carga Horária em Disciplinas Optativas

Pe"
444,doc_444,O sistema contém disciplinas do currículo da ECA d
445,doc_445,"Vida Acadêmica – Acesso Wireless
Para acessar as r"
446,doc_446,"Abra o link que foi enviado para o seu e-mail;
Mon"
447,doc_447,"Clique em “Acesso a Rede” > “Wireless”
Habilite o "
448,doc_448,"Programas e Benefícios – Informações
gerais
A UFSC"
449,doc_449,curso de graduação presencial da UFSC Blumenau. Os
450,doc_450,anexação da documentação especificada no edital de
451,doc_451,editais e o ranqueamento a partir da renda per cap
452,doc_452,"07/08/2024, 10:10
Núcleo de Assistência Estudantil"
453,doc_453,Programa Institucional de Iniciação Científica e T
454,doc_454,"de Bolsas de Iniciação Científica (PIBIC/CNPq), do"
455,doc_455,Institucional de Iniciação Científica e Tecnológic
456,doc_456,vestibular e/ou que fazem parte de grupos discrimi
457,doc_457,I – tenham cursado integralmente o ensino médio em
458,doc_458,"IV – pertença às comunidades Quilombolas. 
 
A Res"
459,doc_459,"2. Período de Inscrição 
2.1. Das 10h00 do dia 23 "
460,doc_460,"mensais). 
4.2. O pagamento será efetuado diretame"
461,doc_461,estudantes de graduação integrados na pesquisa cie
462,doc_462,"UFSC. 
5.2. Reduzir as desigualdades e segregações"
463,doc_463,"inovadora das empresas no País; 
5.6. Contribuir p"
464,doc_464,6.1.4. Possuir perfil na plataforma Google Citaçõe
465,doc_465,"final aprovado com nota igual ou superior a 6,0. 
"
466,doc_466,vigência da bolsa (vide item 3). Neste caso é nece
467,doc_467,vigência da bolsa (vide item 3). Neste caso é nece
468,doc_468,"Doutoral, englobe, ou possa vir a ser prorrogado p"
469,doc_469,"Apresentações do SIC, sem justificativa.  
b) O(A)"
470,doc_470,d) O(A) proponente que não apresentar documentação
471,doc_471,6.2.3. Ter o cadastro atualizado no Formulário IC 
472,doc_472,"pela Resolução Normativa nº 181/2023/CUn, de 8 de "
473,doc_473,"6.2.5. Alunas mães com filhos de 0 a 6 anos. 
6.2."
474,doc_474,"atualização é importante, ao final da edição, clic"
475,doc_475,6.2.9. Dedicar-se às atividades acadêmicas e de pe
476,doc_476,outros Programas do CNPq ou de quaisquer agências 
477,doc_477,"científica. 
6.2.13. No caso de estágio, conforme "
478,doc_478,6.2.14. Ter bom desempenho acadêmico. Com exceção 
479,doc_479,no período de vigência da bolsa (vide item 3) por 
480,doc_480,"b) Plano de Atividades para o(a) bolsista, com tít"
481,doc_481,"e financeira. Poderá ser parte de: 
a) um projeto "
482,doc_482,"inferiores a 2,5 cm, fonte com tamanho não inferio"
483,doc_483,"f) Metodologia; 
g) Resultados esperados; 
h) Exeq"
484,doc_484,"do professor proponente, nos termos da Resolução N"
485,doc_485,nome do coordenador do projeto formalmente registr
486,doc_486,apresentar (juntamente com o Termo de Outorga) as 
487,doc_487,b) Aprovação junto à “Comissão de Ética no Uso de 
488,doc_488,"da UFSC (CIBio)"" ou fornecido pela ""Comissão Técni"
489,doc_489,"Formulário IC Online, contendo: 
a) Título do Plan"
490,doc_490,"IC Online, dentro do período de inscrição (vide it"
491,doc_491,do(a) bolsista) de uma Proposta já enviada. Tampou
492,doc_492,"dos caminhos:  
a) Submeter separadamente dois Pro"
493,doc_493,"seja contemplada, será apoiada aquela que apresent"
494,doc_494,"Universitária através de Portaria própria, dentro "
495,doc_495,d) Elaborar e entregar relatório referente às ativ
496,doc_496,realizada apenas uma reavaliação de relatório corr
497,doc_497,b) Não atendimento a todos os itens dos requisitos
498,doc_498, Ausência não justificada do(a) bolsista do ciclo
499,doc_499,d) Caso seja constatado indício de inautenticidade
500,doc_500,a) Quantidade e qualidade da sua produção científi
501,doc_501,"até a data de término do processo de inscrição; 
d"
502,doc_502,"do período de inscrições, receberão pontuação adic"
503,doc_503,"multiplicada por 1,2. 
7.2.6. Somente serão consid"
504,doc_504,"separadamente, em local próprio do formulário); 
"
505,doc_505,"a avaliação da proposta.  
b) Qualidade do Plano d"
506,doc_506,"local específico da Proposta, no Formulário IC Onl"
507,doc_507,7.2.8. Para a avaliação será gerada planilha com a
508,doc_508,"7.3. Da distribuição das bolsas 
7.3.1. As bolsas "
509,doc_509,"Graduação da UFSC.  
7.3.2. As bolsas da contrapar"
510,doc_510,"de pós-graduação da UFSC. 
7.3.4. O número de bols"
511,doc_511,por ordem de classificação dentro dos critérios el
512,doc_512,3º - Proponentes mulheres que solicitaram bolsas d
513,doc_513,7.3.8. A lista dos percentuais de mulheres e homen
514,doc_514,"superior a 6,0 tiverem uma primeira solicitação co"
515,doc_515,"7.3.11. Somente após a aprovação da Proposta, cabe"
516,doc_516,"estudante com perfil mencionado no item 6.2.4. 
7."
517,doc_517,"Propesq, para o e-mail piict@contato.ufsc.br. 
7.3"
518,doc_518,"15 dias. 
 
8. Divulgação dos resultados 
8.1. A d"
519,doc_519,"reconsideração, em campo específico no Formulário "
520,doc_520,9.4. O resultado final após a análise dos pedidos 
521,doc_521,10.1.4. Se a indicação for direcionada às ações af
522,doc_522,"outorga após a indicação de estudante. Por isso, o"
523,doc_523,"a) ignorar o termo gerado automaticamente; 
b) agu"
524,doc_524,inscrição e apresentação do trabalho final no Semi
525,doc_525,"com a UFSC; 
10.1.11. Em casos devidamente circuns"
526,doc_526,"10.1.12. O(a) orientador(a) poderá, com justificat"
527,doc_527,passará a integrar o programa no mês subsequente a
528,doc_528,"vigência da bolsa. Nesses casos, é possível apenas"
529,doc_529,"premiação oferecida pelo CNPq anualmente. 
10.1.14"
530,doc_530,"PIBIC-Af, BIPI ou PIBITI.  
10.1.15. O(A) orientad"
531,doc_531,10.1.16. Manter atualizados seus dados cadastrais 
532,doc_532,"de saída da instituição. 
 
10.2. Do(a) bolsista 
"
533,doc_533,em resposta ao e-mail proveniente do CNPq. O descu
534,doc_534,"Microsoft, como os domínios “hotmail.com”, “live.c"
535,doc_535,a) um Relatório Final ou Parcial (se pertinente) d
536,doc_536,durante o período em que esteve no Programa e apre
537,doc_537,"f) CONCLUSÕES 
g) REFERÊNCIAS 
10.2.8. O Relatório"
538,doc_538,estudante em relação aos benefícios da IC no seu a
539,doc_539,apresentar o Relatório Final das atividades desenv
540,doc_540,"Unidades e/ou pela Coordenadoria PIICT; 
10.2.13. "
541,doc_541,10.2.14. Fazer referência à sua condição de bolsis
542,doc_542,11.3. A Coordenadoria PIICT não enviará comunicaçõ
543,doc_543,"UFSC; 
11.5. A aprovação final das bolsas concedid"
544,doc_544,cumprir os compromissos previstos neste edital e a
545,doc_545,ou documentos adicionais que julgarem necessários;
546,doc_546,"Término 
Lançamento de edital 
19/04/2024 
- 
Subm"
547,doc_547,"05/07/2024 
09/07/2024 
2º período para análise do"
548,doc_548,"Entre dia 20 e último do mês 
Prazo para entrega d"
549,doc_549,"A definir 
Prazo para avaliação dos vídeos e resum"
550,doc_550,"A definir 
 
Ciclo 2023/2024 
Período de inscrição"
551,doc_551,"15/10/2024 
Seminários nas Unidades / Seleção dos "
552,doc_552,"XXXXXXXXXXXXXX (Matrícula XXXXXXXXXXXX), previsto "
553,doc_553,"UNIVERSIDADE FEDERAL DE SANTA CATARINA
PRÓ-REITORI"
554,doc_554,"Rua João Pessoa, 2514 - Bairro Velha
CEP 89036-004"
555,doc_555,"CAMPUS BLUMENAU
Diretor Geral: João Luiz Martins
V"
556,doc_556,"6
1.3 Habilitação: Engenheiro de Controle e Automa"
557,doc_557,"14
5. ABSORÇÃO NO MERCADO DE TRABALHO
15
5.1 CAMPO"
558,doc_558,"22
6.3 Matriz Curricular
24
6.4 Composição da carg"
559,doc_559,"39
ANEXO I: EMENTAS DAS DISCIPLINAS DO CURSO
40
AN"
560,doc_560,"122
8. Resolução 017/CUn/97 - Capítulo IV: Do Rend"
561,doc_561,"Vagas: 100/ano (50/semestre).
1.2
Criação do Curso"
562,doc_562,foi o primeiro curso desta orientação a ser criado
563,doc_563,"aditamento às determinações da Res. 48/CFE/76:
“Ar"
564,doc_564,"na resolução 427/CONFEA/99 (ver Anexo II, Instrume"
565,doc_565,"serviços afins e correlatos.”
1.4
Referência aos a"
566,doc_566,"Engenharia;
●
Resolução No 218/CONFEA/73, do Conse"
567,doc_567,de dez por cento do total de carga horária exigido
568,doc_568,"Cabe ainda ressaltar, pela importância histórica e"
569,doc_569,engenheiros formados tem sido entendido como condi
570,doc_570,necessidade brasileira de ampliação da infraestrut
571,doc_571,"social,
a
formação
de
engenheiros
deverá
incluir,
"
572,doc_572,"desenvolvimento, para o qual mais investimento em "
573,doc_573,seria suficiente para o melhor atendimento daquela
574,doc_574,"Nesse
sentido,
tão
importante
quanto
o
atendimento"
575,doc_575,"necessariamente por compreender que os problemas, "
576,doc_576,chaves na formação de engenheiros. Também o são as
577,doc_577,"rurais, prefeituras, ONGs, microempresas, médias e"
578,doc_578,"conteúdos definidos e pré-estabelecidos, mas també"
579,doc_579,demandas da sociedade. Que trabalhe com modelos de
580,doc_580,de dominar todas as etapas do desenvolvimento de s
581,doc_581,"sociais, tecnológicas e econômicas cada vez mais r"
582,doc_582,"●
conviver com o risco, enfrentar desafios;
●
atua"
583,doc_583,"participam: professores, técnico-administrativos e"
584,doc_584,"definem-se, em torno do Eixo de Desenvolvimento Re"
585,doc_585,pois estas devem preparar o futuro engenheiro para
586,doc_586,desenvolvida em conjunto com os demais cursos de e
587,doc_587,"realizar um estágio de curta duração, sob supervis"
588,doc_588,"coloca como a região mais rica do Estado, segundo "
589,doc_589,"indústria de transformação, que segundo dados de 2"
590,doc_590,"três cursos de engenharia e duas licenciaturas, o "
591,doc_591,Articuladas com essas três engenharias estão as li
592,doc_592,Humanas e Biológicas. O sentido de inclusão social
593,doc_593,"de uma proposta diferenciada.
EIXO 1 - FORMAÇÃO TE"
594,doc_594,"interação social, incentivar as relações de cooper"
595,doc_595,"11
do Vale do Itajaí. A integração dos currículos "
596,doc_596,"automação da atividade industrial, resultando na m"
597,doc_597,necessidades em termos de uma mão de obra especial
598,doc_598,"importante campo de atuação do egresso, que também"
599,doc_599,população da região. Cumpre ressaltar que o curso 
600,doc_600,"12
4. PERFIL DO PROFISSIONAL EGRESSO
4.1
Atividade"
601,doc_601,"●
Desempenho de cargo e função técnica;
●
Ensino, "
602,doc_602,"●
Execução de instalação, montagem e reparo;
●
Ope"
603,doc_603,"serviços e outros;
●
modernização, otimização do f"
604,doc_604,"ensino; e
●
pesquisa científica e tecnológica.
O e"
605,doc_605,"13
exercer ação integradora, podendo ser considera"
606,doc_606,"dos problemas que se apresentem seja proativa, soc"
607,doc_607,"●Capacidade dialógica e de negociação.
●Capacidade"
608,doc_608,"●aplicar conhecimentos matemáticos, científicos, t"
609,doc_609,"●atuar em equipes multidisciplinares;
●compreender"
610,doc_610,"processos de interesse social, o engenheiro de Con"
611,doc_611,"●
Mineração
●
Aeronáutica
●
Automação Portuária
●
"
612,doc_612,Outros campos de atuação do engenheiro de controle
613,doc_613,"6.1
CONCEPÇÃO DO CURRÍCULO
Em consonância com o di"
614,doc_614,tecnológicas possuírem uma forte congruência em ap
615,doc_615,integram e desenvolvem os conhecimentos do curso a
616,doc_616,"●
Estatística
●
Fenômenos de Transporte
2. Formaçã"
617,doc_617,"●
Acionamentos Elétricos
●
Introdução à Robótica I"
618,doc_618,"●
Administração
●
Economia
●
Gestão de Projetos
●
"
619,doc_619,flexibilização curricular proposta pelas Diretrize
620,doc_620,subseção anterior que constituem uma base comum ao
621,doc_621,"orientações:
Mínimo de 540 horas-aula em Disciplin"
622,doc_622,"●
Processamento Digital de Sinais
●
Mecanismos
●
R"
623,doc_623,"Inteligência Artificial
●
Sistemas Digitais II
●
T"
624,doc_624,"●
Tecnologias para o Desenvolvimento Inclusivo
●
S"
625,doc_625,"●
306 h-a em disciplinas curriculares obrigatórias"
626,doc_626,As Atividades acadêmico-científico-culturais são c
627,doc_627,"integralização curricular.
As horas das atividades"
628,doc_628,de Controle e Automação. Através das atividades ac
629,doc_629,"formando.
São objetivos das atividades acadêmico-c"
630,doc_630,IV – Contribuir para a conscientização do acadêmic
631,doc_631,São consideradas atividades acadêmico-científico-c
632,doc_632,"unidade curricular na disciplina AACCs.
6.1.4 Arti"
633,doc_633,definidas de acordo com a Resolução nº 7 MEC/CNE/C
634,doc_634,aluno deverá cumprir ao longo do desenvolvimento d
635,doc_635,D. A criação de novas propostas de extensão em con
636,doc_636,externa à universidade. Tal processo comunicaciona
637,doc_637,"curriculares e grupos de estudantes, possibilitand"
638,doc_638,"extensão;
2 - participação dos estudantes em proje"
639,doc_639,"●
Automação da Manufatura;
●
Projeto Integrador;
●"
640,doc_640,"6.1.5 Ênfase em atividades práticas
Nos diversos c"
641,doc_641,"teórico correspondente, visando buscar a integraçã"
642,doc_642,engenheiro de controle e automação está fortemente
643,doc_643,de atividades acadêmico-científico-culturais (ver 
644,doc_644,O Projeto de Fim de Curso (PFC) está subdivido em:
645,doc_645,"disciplinas de projeto, buscando-se capacitar o al"
646,doc_646,"engenharia no contexto sociotécnico, e para desenv"
647,doc_647,setores econômico-produtivos e a comunidade em ger
648,doc_648,"●
Administração
●
Economia
●
Gestão de Projetos
●
"
649,doc_649,"profissionalizante, denso ao final dos estudos. No"
650,doc_650,profissionalizantes. Para melhorar o aprendizado n
651,doc_651,de Introdução à Engenharia de Controle e Automação
652,doc_652,fragmentação da formação através de um número elev
653,doc_653,matricular em mais do que seis disciplinas no mesm
654,doc_654,"23
6.3
Matriz Curricular
24
As tabelas abaixo desc"
655,doc_655,"C. H.
Aulas-
semana
Pré-requisito
T
P
E
CAC3100
In"
656,doc_656,"Código
Nome da disciplina
C. H.
Aulas-
semana
Pré-"
657,doc_657,"36
36
4
CAC3101 e
CAC3201
CAC7008
Ciência, Tecnolo"
658,doc_658,"6
MAT2401 e
MAT2211
CAC3402
Circuitos Elétricos
72"
659,doc_659,"72
 
4
CAC3402
CAC3503
Eletrônica Aplicada
72
36
6"
660,doc_660,"36
2
-
26
DET1814
Economia
36
 
2
-
CAC7009
Tecnol"
661,doc_661,"CAC3401
CAC3705
Automação da Manufatura
54
 
18
4
"
662,doc_662,"E
-
Disciplinas Optativas Especializadas
288
 
16
"
663,doc_663,"Curricular Obrigatório)
 
324
18
3276 HA
Total Fas"
664,doc_664,"Mecanismos
72
 
4
CEE6106 e
MAT2111 e
MAT2401
CAC3"
665,doc_665,"Código
Nome da disciplina
C. H.
Aulas-
semana
Pré-"
666,doc_666,"4
CAC3302
CAC8002
Inteligência Artificial
72
 
4
C"
667,doc_667,"72
 
4
CAC3602
CAC3004
Introdução ao Controle Pred"
668,doc_668,"7
29
DISCIPLINAS OPTATIVAS COMPLEMENTARES
Código
N"
669,doc_669,"72
 
4
 
DET1813
Microeconomia
36
 
2
MAT2301
Tota"
670,doc_670,"6.5
Composição
da
carga
horária
de
Atividades
Acad"
671,doc_671,"Acadêmico-Científico-Culturais (AACC).
6.6
Concepç"
672,doc_672,instrumentais de engenharia) e gerais construídos 
673,doc_673,"Trabalho de Conclusão de Curso, os temas serão def"
674,doc_674,"UFSC nas suas três áreas de atuação, a saber: cont"
675,doc_675,"acompanhamento
de
um
representante
da
comunidade
("
676,doc_676,técnicos e acompanhamento individualizado durante 
677,doc_677,"integralização curricular, tendo duração de 324 ho"
678,doc_678,a orientação de um professor do Curso e acompanham
679,doc_679,O responsável pela disciplina Projeto de Fim de Cu
680,doc_680,Um representante da comunidade (organização/empres
681,doc_681,"com ar-condicionado, projetor multimídia e sistema"
682,doc_682,"●
13 bancadas equipadas para realização de experim"
683,doc_683,"sinais, fonte regulável de tensão
●
13 kits de FPG"
684,doc_684,"●
13 kits de robôs LEGO Mindstorm;
●
almoxarifado "
685,doc_685,"●
almoxarifado de componentes eletrônicos;
8. Labo"
686,doc_686,"temperatura e pressão);
●
kits de sensores;
●
01 S"
687,doc_687,"●
4 multímetros;
●
1 impressora Ubox 3D;
10. Labor"
688,doc_688,"●
4 bancadas para computadores;
12. Oficina de Pro"
689,doc_689,"deficiência, devendo-se assegurar o sistema educac"
690,doc_690,participação social. Pessoa com mobilidade reduzid
691,doc_691,"Deficiência).
Para atender as pessoas com deficiên"
692,doc_692,adaptar às condições ambientais do espaço edificad
693,doc_693,de Telescópio (monóculo); lente de aumento (lupa);
694,doc_694,"da realização e revisão de provas, complementando "
695,doc_695,"espaços. Destaca-se a instalação de elevadores, es"
696,doc_696,"●
Mapas táteis com rota de fuga;
●
Troca das mesas"
697,doc_697,"●
Implantação de faixas táteis nas escadas;
●
Sina"
698,doc_698,"●
Sinalização da mesa acessível da biblioteca;
●
A"
699,doc_699,"de suas demandas. Na sequência, conforme a especif"
700,doc_700,estão em consonância com os planos de Gestão de Lo
701,doc_701,dos equívocos que frequentemente ocorrem na prátic
702,doc_702,No contexto do Curso de Engenharia de Controle e A
703,doc_703,desempenho dos alunos nos instrumentos de avaliaçã
704,doc_704,de conhecimento” e permitir repensar seu processo 
705,doc_705,as providências para os ajustes entre os objetivos
706,doc_706,revalidados nos planos de ensino dos professores. 
707,doc_707,em seus artigos: Art. 69 § 6º - O aproveitamento n
708,doc_708,"escolar
compreenderá
frequência
(mínima
de
75%)
e
"
709,doc_709,implantação do projeto de Curso de Engenharia de C
710,doc_710,indicados pelo Colegiado do Curso sendo o número d
711,doc_711,"avaliação do curso, resultados do ENADE e etc., of"
712,doc_712,contexto tecnológico e social. Palestras sobre o C
713,doc_713,"automatizadas e propor soluções, integradas ou não"
714,doc_714,"HOLTZAPPLE M. T., REECE W. D. INTRODUÇÃO À ENGENHA"
715,doc_715,"DE PROBLEMAS. 1ª edição Editora LTC, 2010.
Código:"
716,doc_716,"ISBN:8576050242
Boratti, Isaias C. e Oliveira, A. "
717,doc_717,"ANSI. Campus Editora, 1989. ISBN: 8570015860
De Sá"
718,doc_718,"Código: MAT2201- Cálculo I
41
Fase: 1ª (Primeira)
"
719,doc_719,"Bibliografia Básica:
ANTON, Howard; BIVENS, Irl; D"
720,doc_720,"Bookman, 2014, 2v.
APOSTOL, Tom M. Calculus. 2. ed"
721,doc_721,"42
Fase: 1ª (Primeira)
Carga Horária (Horas-aula):"
722,doc_722,"São Paulo: Hemus, 2004.
SILVA, Julio Cesar da. Des"
723,doc_723,"interpretação. São Paulo: Érica, 2010.
MICELI, Mar"
724,doc_724,"Carga Horária (Horas-aula): 72
Ementa:
Matrizes. D"
725,doc_725,"Pearson, Makron Books, 1987.
Bibliografia Compleme"
726,doc_726,"Makron Books, 1987.
WINTERLE, Paulo. Vetores e geo"
727,doc_727,"conjuntos, funções. v.1, São Paulo: Atual, 2013.
S"
728,doc_728,"VIEIRA, Felipe; ALEIXO, Rafael. Elementos de aritm"
729,doc_729,"Bookman, 2012.
BOLDRINI, José L. – Álgebra linear."
730,doc_730,"aplicações. Rio de Janeiro: LTC, 2018.
STRANG, Gil"
731,doc_731,Aritmética digital. Operações e circuitos. Contado
732,doc_732,"Bibliografia Complementar:
Frank Vahid, Digital De"
733,doc_733,"Fase: 2ª (Segunda)
Carga Horária (Horas-aula): 72
"
734,doc_734,"Ziviani, Nivio. Projeto De Algoritmos Com Implemen"
735,doc_735,"201314525.
Szwarfiter,
Jayme
Luiz and Lilian Marke"
736,doc_736,diferenciais ordinárias lineares homogêneas de ord
737,doc_737,"Bibliografia Complementar:
ANTON, Howard, BIVENS, "
738,doc_738,"Carga Horária (Horas-aula): 72
Ementa:
Grandezas f"
739,doc_739,"Addison Wesley, Pearson, 2009. Vol. 1.
49
NUSSENZV"
740,doc_740,"TIPLER, Paul A.; MOSCA, Gene. Física para cientist"
741,doc_741,"Código: CEE6109 - Física II
Fase: 2ª (Segunda)
Car"
742,doc_742,"Gravitação, Ondas, Termodinâmica. Vol. 2. 9a Ed. E"
743,doc_743,"CUTNELL, D. John; JOHNSON, W. Kenneth. Física. Vol"
744,doc_744,"Energia.
Bibliografia Básica:
NUSSENZVEIG, H. Moys"
745,doc_745,"Bibliografia Complementar:
YOUNG, Hugh D.; FREEDMA"
746,doc_746,"JEWETT, John W.; SERWAY, Raymond A. Física: para c"
747,doc_747,"Gravitação, Ondas, Termodinâmica. Vol. 2. 9a Ed. E"
748,doc_748,"FEYNMAN, Richard P. Lições de Física de Feynman: A"
749,doc_749,"Ementa:
Combustão,
Combustíveis
sólidos,
líquidos
"
750,doc_750,"Campus: Rio de Janeiro, 2003
Bibliografia Compleme"
751,doc_751,"Artliber: São Paulo, 2004
Código: CAC3302 - Microp"
752,doc_752,"ferramentas de análise, desenvolvimento e depuraçã"
753,doc_753,"programação. Editora Campus, Rio de Janeiro (1988)"
754,doc_754,"DIAS JUNIOR, Wilson Alonso. Microprocessadores 808"
755,doc_755,"Alegre: Bookman, 2014.
GONÇALVES, Mirian Buss; FLE"
756,doc_756,"Harbra, 1994.
SIMMONS, George Finlay. Cálculo com "
757,doc_757,"Janeiro.
Código: CAC6011 - Mecânica dos Sólidos
Fa"
758,doc_758,"Prentice Hall. 2010. ISBN 978-8576053736.
POPOV, E"
759,doc_759,"1994. ISBN 978-8580550467.
NASH, William A., and M"
760,doc_760,"978-8526808744.
Código: CEE6110 - Física III
Fase:"
761,doc_761,Biot-Savart. Lei de Ampére. Lei da indução de Fara
762,doc_762,"56
FREEDMAN,
Roger
A;
YOUNG,
Hugh
D;
SEARS & ZEMAN"
763,doc_763,"CUTNELL, D. John; JOHNSON, W. Kenneth. Física. Vol"
764,doc_764,"Bibliografia Básica:
HALLIDAY, David; RESNICK, Rob"
765,doc_765,"Ed. da UFSC, 2012.
VUOLO, J.H. Fundamentos da Teor"
766,doc_766,"Janeiro: Editora LTC, 2009. Vol 1.
ALONSO, Marcelo"
767,doc_767,tecnológico e riscos. Progresso técnico e marginal
768,doc_768,arranjos produtivos e demais setores da sociedade 
769,doc_769,"a Ciência e a Tecnologia, 2008.
Bibliografia Compl"
770,doc_770,afora. Trad. I. C. Benedetti. São Paulo: Ed. UNESP
771,doc_771,matemática de sistemas dinâmicos usando equações d
772,doc_772,"59
Bibliografia Complementar:
HAYKIN, Simon S; VAN"
773,doc_773,"DISCRETO DE SINAIS. 3 ed.:PEARSON BRASIL, 2013. IS"
774,doc_774,e de segunda ordem. Análise de circuitos monofásic
775,doc_775,"magnéticos.
Transformada de
Laplace aplicadas em c"
776,doc_776,"Bibliografia Complementar:
J.
A.
EDMINISTER e M. N"
777,doc_777,"JOHNSON, David E.; HILBURN, John L.; Fundamentos d"
778,doc_778,Funcionais e Texto Estruturado). Softwares de supe
779,doc_779,"ISBN: 8521615329
61
Bibliografia Complementar:
Sil"
780,doc_780,"Groover, Mikell P. Automaçao Industrial e Sistemas"
781,doc_781,Poisson. Modelos de Probabilidade para Variáveis 
782,doc_782,"Estatísica para
Engenheiros e Ciências. 8a Ed. Pea"
783,doc_783,"Ed. Nobel São
Paulo. 1978
STEVENSON, W. J., Estatí"
784,doc_784,"escoamentos, equações básicas da dinâmica dos flui"
785,doc_785,"FOX, Robert W.; MCDONALD, Alan T.; PRITCHARD, Phil"
786,doc_786,"9788580551273
ÇENGEL, Yunus A.; CIMBALA, John M. M"
787,doc_787,Código: CAC3501 - Modelagem e Simulação de Sistema
788,doc_788,"Fechada.
Estudo de métodos de integração numérica."
789,doc_789,"Edição - 2014
Bibliografia Complementar:
Felício, "
790,doc_790,"Edição - 2014
Esfandiari, R. S. – Numerical Method"
791,doc_791,"Bibliografia Básica:
CHAPMAN, S. J. Fundamentos de"
792,doc_792,"BARBI, Ivo. Eletrônica de potência. 7. ed. Flori"
793,doc_793,"Carga Horária (Horas-aula): 108
Ementa:
Introdução"
794,doc_794,"2007. ISBN: 8576050226
A. Malvino, Eletrônica - Vo"
795,doc_795,"Editora Cambridge, 1989. ISBN: 0521377099.
E. C. A"
796,doc_796,"Redes de Petri: definições, propriedades, análise,"
797,doc_797,"Bibliografia Básica:
66
CASSANDRAS, Christos G. LA"
798,doc_798,"MOARES, C. C. e CASTRUCCI, P. de L,
Engenharia de "
799,doc_799,"Aspectos
Arquiteturais,
modelo
de referência para
"
800,doc_800,"Visão geral dos produtos.
Bibliografia Básica:
Ste"
801,doc_801,"LUGLI,
Alexandre
Baratella;
SANTOS,
Max Mauro Dias"
802,doc_802,"Carga Horária (Horas-aula): 36
Ementa:
Escolas clá"
803,doc_803,"2008.
MUNIZ, Adir Jaime de Oliveira. Teoria Geral "
804,doc_804,"São Paulo: Atlas, 2009.
CHIAVENATO, Idalberto. Int"
805,doc_805,"indicadores fiscais, externos e sociais.
Bibliogra"
806,doc_806,"Campus, 2001. 326 p. ISBN 9788535228823.
ROSSETTI,"
807,doc_807,"social. Bookman, 2011
DORNBUSCH, R. e FISCHER, S. "
808,doc_808,fechada. Ferramentas para o estudo de estabilidade
809,doc_809,S e o plano Z. Ferramentas para projeto de Sistema
810,doc_810,"computador.
Bibliografia Básica:
FRANKLIN, Gene F."
811,doc_811,"UFRGS, 1ª edição, 2014.
70
DORF, Richard C., e BIS"
812,doc_812,"e
Princípios
Básicos;
Vantagens
e
Desvantagens
da
"
813,doc_813,"Dimensionamento
de
tubulações,
Dimensionamento
de
"
814,doc_814,análise de circuitos. 7Ed. Erica. 2011. ISBN 978-8
815,doc_815,"1 Ed. 2014. ISBN 8521621191.
BEATER, PETER. Pneuma"
816,doc_816,"partida de motores, chaves de partida eletrônicas,"
817,doc_817,"AMGH, 2014. xv, 708 p.
Bibliografia Complementar:
"
818,doc_818,"Global Education, 2013, 640p
72
Código: CAC7009 - "
819,doc_819,"Tecnologias
apropriadas,
tecnologias
alternativas
"
820,doc_820,"Bibliografia Básica:
ISAACSON,
Walter.
Os
inovador"
821,doc_821,"Janeiro, RJ: Zahar, 2010.
HARVEY, David. A condiçã"
822,doc_822,"C. Marques. 2ª ed. Rio de Janeiro: Editora Record,"
823,doc_823,"científicos.
Bibliografia Básica:
SEVERINO, Antoni"
824,doc_824,"iniciação à pesquisa. 26. ed. Petrópolis: Vozes, 2"
825,doc_825,"2014. 263 p.
GIL, Antonio Carlos. Como elaborar pr"
826,doc_826,Gramática básica. Internalização de vocabulário bá
827,doc_827,"UFSC: 2016.
Bibliografia Complementar:
CAPOVILLA, "
828,doc_828,"75
Código: CEE6130 - Ótica
Fase: 6ª (Sexta)
Carga "
829,doc_829,"Quântica. São Paulo: Blucher, 2013.
HALLIDAY, D.; "
830,doc_830,"3. SERWAY, R. A.; JEWETT, J. W. Princípios de Físi"
831,doc_831,"Ementa:
Processo
de
medição.
Sistema
internacional"
832,doc_832,"e
shunts;
amplificação;
isolação;
ajuste
de
impedâ"
833,doc_833,dados: principais tipos de sistemas de aquisição d
834,doc_834,"LTC.
BRUSAMARELLO, V.J., BALBINOT, A., “Instrument"
835,doc_835,"edição, 2005, CRC Press.
77
DUNN, WILLIAM C. “Fund"
836,doc_836,"protótipo, integrando os conhecimentos adquiridos "
837,doc_837,"Bibliografia Básica:
De acordo com a atividade des"
838,doc_838,robôs. Geração de trajetórias para robôs manipulad
839,doc_839,"1,2010. ISBN: 8579231450
Choset, Howie M. Principl"
840,doc_840,"Springer-Verlag. 2005. ISBN: 9781447104490
TSAI, L"
841,doc_841,"interligação com outros setores (projeto, planejam"
842,doc_842,resultado da aplicação de uma resposta ou solução 
843,doc_843,"Fabricação / Lirio Schaeffer, Alexandre da Silva R"
844,doc_844,"(eds.), 3nd Edition, 2006.
80
Michael Fitzpatrick."
845,doc_845,"projeto, do tempo do projeto e das redes de preced"
846,doc_846,"Bookman, 2016.
RABECHINI, Roque Jr., CARVALHO, Mar"
847,doc_847,"SLACK, Nigel; CHAMBERS, STUART; JOHNSTON, ROBERT. "
848,doc_848,"Operações: Manufatura e Serviços. Atlas Editora, 3"
849,doc_849,"Ementa:
Tecnologias para o desenvolvimento inclusi"
850,doc_850,"Componente de extensão:
O aluno deve ir a campo co"
851,doc_851,"ampl.
Campinas,
SP:
Komedi,
2010.
(Disponível
em
"
852,doc_852,uma nova metodologia. São Paulo: Associação Nac
853,doc_853,"DP&A, 2003.
RÜDIGER, Francisco. Martin Heidegger e"
854,doc_854,sociedade e transformação dos processos sociocultu
855,doc_855,"Bibliografia Básica:
1. CUPANI, Alberto. Filosofia"
856,doc_856,"Bibliografia Complementar:
1. MUNFORD. Lewis. Arte"
857,doc_857,"Petrópolis: Vozes,2009.
Código: CAC3002 - Identifi"
858,doc_858,Determinação de modelos contínuos a partir de dado
859,doc_859,Observação: Esta disciplina faz parte do rol de di
860,doc_860,"Editora UFMG,
2007.
LJUNG, L., System Identificati"
861,doc_861,"Press, 2012. (disponível on-line)
ASTROM, K.J., Ad"
862,doc_862,Função de Transferência; Pólos e Zeros Multivariáv
863,doc_863,em disciplinas desta linha e 8 créditos das duas o
864,doc_864,"2004, Springer.
85
SKOGESTAD, S., POSTLEWAITE, I. "
865,doc_865,"Carga Horária (Horas-aula): 36
Ementa:
Introdução "
866,doc_866,feed-forward no GPC. GPC com perturbações medíveis
867,doc_867,"fase.
Bibliografia Básica:
CAMACHO, E., BORDONS, C"
868,doc_868,"Hall.
86
Rawlings, James Blake, and David Q. Mayne"
869,doc_869,"Model Predictive Control. Springer London, 2011. 4"
870,doc_870,em disciplinas desta linha e 8 créditos das duas o
871,doc_871,"Bibliografia Complementar:
BARBI, Ivo. Eletrônica"
872,doc_872,"New York: John Wiley, 2003.
RASHID, M. H. Eletrôn"
873,doc_873,"Filtros com Resposta Infinita ao impulso.
Observaç"
874,doc_874,"ALBUQUERQUE, Pedro Urbano Braga de. Introdução ao "
875,doc_875,"J. D. Broesch, Digital Signal Processing Demystifi"
876,doc_876,"da memória e de outros recursos, estudos de caso. "
877,doc_877,"entre a oitava e nona fase.
Bibliografia Básica:
R"
878,doc_878,"B. NICHOLS, D. BUTTLAR, J. P. FARRELL. Pthreads Pr"
879,doc_879,"de
padrões
de
projetos
orientados
a
objetos.
Práti"
880,doc_880,"Pearson Prentice Hall, 2016. xxvii, 818 p. ISBN 97"
881,doc_881,"objetos com java. Rio de Janeiro: Campus, c2001. x"
882,doc_882,"Editora Campus, SBC). ISBN 9788535239164.
PREISS, "
883,doc_883,sistemas robóticos móveis através do desenvolvimen
884,doc_884,"Localização,
Representações de Conhecimento, Tipos"
885,doc_885,"H. Choset , K. M. Lynch, S. Hutchinson, G. Kantor,"
886,doc_886,"Springer Verlag NY, 2011. ISBN: 3642201431.
SCIAVI"
887,doc_887,"Código: CAC042 - Eletrônica Avançada
Fase: 8ª (Oit"
888,doc_888,"Computação.
Bibliografia Básica:
B. Razavi, Fundam"
889,doc_889,"handbook, 3rd Edition, Butterworth Elsevier, 2010."
890,doc_890,"Ementa:
Conceitos
de
natureza.
Degradação
ambienta"
891,doc_891,"Belo Horizonte: Tessitura, 2012.
92
BECHARA, Erika"
892,doc_892,"José Valverde (Org.). Política nacional, gestão e "
893,doc_893,"Carga Horária (Horas-aula): 72
Ementa:
Introdução "
894,doc_894,"envolvendo temporização.
Bibliografia Básica:
D’AM"
895,doc_895,"ASHEDEN P.J., The Designer’s Guide to VHDL. 3ª Edi"
896,doc_896,"Paulo, 2014.
.
Código: CAC7995 - Introdução aos Si"
897,doc_897,"realimentação, pré-alimentação, controle proporcio"
898,doc_898,"Bibliografia Complementar:
Controle e Instrumentaç"
899,doc_899,"Produção, Planejamento Mestre da Produção, Program"
900,doc_900,"Paulo, IMAN, 1996.
CORRÊA, Henrique et al. Planeja"
901,doc_901,"Pioneira Editora, 1996.
TUBINO, Dalvio Ferrari. Ma"
902,doc_902,"Carga Horária (Horas-aula): 72
Ementa:
Sistemas de"
903,doc_903,ISO 9001: 2008: princípios e requisitos. 4. ed. Sã
904,doc_904,"2011.
CARPINETTI, Luiz Cesar Ribeiro. Gestão da qu"
905,doc_905,"geométrica, o método simplex, dualidade e interpre"
906,doc_906,"97
Bibliografia Complementar:
WINSTON, W. Operatio"
907,doc_907,"Alegre: Bookman, 2010.
ARORA, Jasbir A. Introducti"
908,doc_908,Interligações das etapas e suas variáveis de proje
909,doc_909,"processos industriais”, 1ª edição, 2006, Editora B"
910,doc_910,"PERLINGEIRO, C. A. G. “Engenharia de processos: an"
911,doc_911,"Carga Horária (Horas-aula): 72
Ementa:
Introduçã"
912,doc_912,"Mecanismos, máquinas e robôs;
SHIGLEY, J. E. Cin"
913,doc_913,"Prentice-Hall, 1984;
FLORES, P. Projecto de mecani"
914,doc_914,computacionais para automação. Caso o aluno opte p
915,doc_915,"c2000. 803p. ISBN 85-7001-596-8.
ERL, Thomas. Clou"
916,doc_916,"MARK, Dallas. SQL in a Nutshell. 2009. O'Reilly. I"
917,doc_917,"de câmeras, visão estéreo. Movimento e rastreament"
918,doc_918,"Business Media, 2010.
Bibliografia Complementar:
G"
919,doc_919,"Cambridge University Press, 2004
Niku, Saeed B. In"
920,doc_920,"Bibliografia Básica:
Hassan K. Khalil. Nonlinear S"
921,doc_921,"P.L.D. Peres (editores): Edgar Blücher, 2007.
Sínt"
922,doc_922,"Springer New York.
Klaus Janschek. Mechatronic Sys"
923,doc_923,"Ferramentas para análise, projeto e teste. Ambient"
924,doc_924,"529 p. ISBN 9788579361081.
PFLEEGER, Shari Lawrenc"
925,doc_925,"8536304545.
BOOCH, Grady; RUMBAUGH, James; JACOBSO"
926,doc_926,"103
Código: CAC3046 - Sistemas Embarcados
Fase: 9ª"
927,doc_927,software voltadas ao projeto de controladores de t
928,doc_928,"Cyber-Physical Systems, Springer. 2010.
OLIVEIRA,
"
929,doc_929,"2ed.,OReilly Media; 2013.
Taha. W. Lecture Notes o"
930,doc_930,"Bibliografia Básica:
RUSSELL, Stuart J; NORVIG, Pe"
931,doc_931,"0070428077
SUTTON, Richard S.; BARTO, Andrew G. Re"
932,doc_932,"105
Código: CAC3900 - Projeto Especializado
Fase: "
933,doc_933,profissionais nas áreas envolvidas no seu projeto 
934,doc_934,"industriais:
Controles
e
dispositivos
de
informaçã"
935,doc_935,"IIDA, I. Ergonomia: projeto e produção. São Pau"
936,doc_936,"Managers and Practicioners. 2002.
MINISTÉRIO DO T"
937,doc_937,"Bibliografia Básica:
[1] BURDEN, Richard L.; FAIRE"
938,doc_938,"Pioneira, 2007.
[2] BURIAN, R.; LIMA, A. C. Cálcul"
939,doc_939,"Pearson Prentice Hall, 2003.
Código: CAC3047 - Tóp"
940,doc_940,"Carga Horária (Horas-aula): 72
Ementa:
Disciplina "
941,doc_941,"ofertada.
Bibliografia Básica:
Definida no plano d"
942,doc_942,"Definida no plano de ensino ao ser ofertada.
Códig"
943,doc_943,"Controle e Automação.
Bibliografia Básica:
De acor"
944,doc_944,"científico:
procedimentos
básicos,
pesquisa
biblio"
945,doc_945,"Bibliografia Complementar:
SALOMON, Delcio Vieira."
946,doc_946,"SANTOS, Gisele do Rocio Cordeiro Mugnol; MOLINA, N"
947,doc_947,"Fase: 10ª (Décima)
Carga Horária (Horas-aula): 324"
948,doc_948,"públicos
Bibliografia Básica:
PINDYCK, R. S. & D. "
949,doc_949,"CASTRO, Antonio Barros de; LESSA, Carlos Francisco"
950,doc_950,"de Santa Catarina, no uso de suas atribuições e te"
951,doc_951,"2.
Resolução nº 064/CEPE/9317 de Dezembro de 1993
"
952,doc_952,"vista o que deliberou este Conselho, em Sessão rea"
953,doc_953,"GABINETE DO REITOR
RESOLUÇÕES
Ementa
: Aprova a cr"
954,doc_954,"RESOLVE:
APROVAR a criação do Departamento de Auto"
955,doc_955,Comissão de Especialistas do Ensino da Engenharia 
956,doc_956,"●
Controle de Processos
●
Sistemas Industriais
●
I"
957,doc_957,Art5 Esta Portaria entra em vigor na data de sua p
958,doc_958,"engenheiro, do arquiteto e do engenheiro-agrônomo "
959,doc_959,"atividades 1 a 18 do art. 1º da Resolução nº 218, "
960,doc_960,"Controle e Automação é uma habilitação específica,"
961,doc_961,"categoria da engenharia, modalidade eletricista, p"
962,doc_962,"Resolução CNE/CES2No 11, de 11 de março de 2002.
I"
963,doc_963,"da Educação, em 22 de fevereiro de 2002, resolve:
"
964,doc_964,estabelecidas pela Câmara de Educação Superior do 
965,doc_965,capacitado a absorver e desenvolver novas tecnolog
966,doc_966,"I.
aplicar conhecimentos matemáticos, científicos,"
967,doc_967,"VII.
supervisionar a operação e a manutenção de si"
968,doc_968,"XIV.
assumir a postura de permanente busca de atua"
969,doc_969,"grupo dos estudantes.
§ 1º Deverão existir os trab"
970,doc_970,"outras atividades empreendedoras.
Art. 6º Todo o c"
971,doc_971,"III - Informática;
IX - Eletricidade Aplicada;
X -"
972,doc_972,"práticas e de laboratórios, com enfoques e intensi"
973,doc_973,"VIII - Controle de Sistemas Dinâmicos;
IX - Conver"
974,doc_974,"XXX - Métodos Numéricos;
XXXI - Microbiologia;
XXX"
975,doc_975,"XLIV
-
Sistemas
Estruturais e Teoria das
Estrutura"
976,doc_976,"LIII - Transporte e Logística.
§ 4º O núcleo de co"
977,doc_977,engenharia e devem garantir o desenvolvimento das 
978,doc_978,Parágrafo único. É obrigatório o trabalho final de
979,doc_979,conteúdos curriculares desenvolvidos tendo como re
980,doc_980,"122
ARTHUR ROQUETE DE MACEDO
Presidente da Câmara "
981,doc_981,"II - elaborar o seu regimento interno;
III - elabo"
982,doc_982,"VI - fixar o turno de funcionamento do curso;
VII "
983,doc_983,XI - exercer as demais atribuições conferidas por 
984,doc_984,ofereçam disciplinas obrigatórias para o currículo
985,doc_985,"atividade profissional do Curso, a critério do Col"
986,doc_986,"critérios definidos no seu Regimento.
Art. 6º - A "
987,doc_987,estudantes que tenham cumprido pelo menos a primei
988,doc_988,"(cinquenta por cento), caberá ao Conselho da Unida"
989,doc_989,"125
Colegiados desses Cursos, dentre o Chefe e o S"
990,doc_990,"III - executar as deliberações do Colegiado;
IV - "
991,doc_991,IX - analisar e decidir os pedidos de transferênci
992,doc_992,XIII - exercer outras atribuições previstas em lei
993,doc_993,anterior poderá ser reduzido e a indicação de paut
994,doc_994,"Seção I: Da Frequência e do Aproveitamento
Art. 69"
995,doc_995,"reprovado o aluno que não comparecer, no mínimo, a"
996,doc_996,"de Ensino de Graduação, poderá exigir frequência s"
997,doc_997,"plano de ensino.
§ 1o - Até no máximo 10 (dez) dia"
998,doc_998,exceto nas disciplinas que envolvam Estágio Curric
999,doc_999,"Departamento de Ensino, pelo prazo de 2 (dois) dia"
1000,doc_1000,"e secretaria do Colegiado do Curso para consulta.
"
1001,doc_1001,§ 2o - A nota final resultará das avaliações das a
1002,doc_1002,"mediante justificativa circunstanciada, dentro de "
1003,doc_1003,excluída a participação do(s) professor(es) da dis
1004,doc_1004,"recebendo provisoriamente a menção I.
§ 1º - Cessa"
1005,doc_1005,"nota 0 (zero) na disciplina, com todas as suas imp"
1006,doc_1006,"comprovado por atestado médico competente.
II - o "
1007,doc_1007,"b) ocorrência isolada ou esporádica.
Parágrafo úni"
1008,doc_1008,Art. 77 - Este regime de exceção será concedido pe
1009,doc_1009,Art. 79 - O aluno reprovado em até duas disciplina
1010,doc_1010,b) - não alcançar aprovação em disciplinas com dep
1011,doc_1011,"quais o aluno tenha se matriculado, em cada semest"
1012,doc_1012,site: http://automacao.blumenau.ufsc.br/ no item R
1013,doc_1013,"Nome,Email,Cargo,Palavras-Chave,Telefone 1,Telefon"
1014,doc_1014,"Claudio Michel Poffo,claudio.poffo@ufsc.br,Coorden"
1015,doc_1015,"Laura Ximena Lovisa Oliveira,laura.lovisa@ufsc.br,"
1016,doc_1016,"Leonardo Ulian Lopes,leonardo.ulian@ufsc.br,Subcoo"
1017,doc_1017,"Marcio Roberto da Rocha,marcio.rocha@ufsc.br,""Subc"
1018,doc_1018,"Aldo Sena de Oliveira,aldo.sena@ufsc.br,No Positio"
1019,doc_1019,"Cíntia Rosa da Silva,cintia.r@ufsc.br,Coordenadora"
1020,doc_1020,"Edilaine Aparecida Vieira,edilaine.vieira@ufsc.br,"
1021,doc_1021,"Nome,Email,Cargo,Cargo,Telefone,,Localização,
Fern"
1022,doc_1022,"Guilherme Wagner,guilherme.w@ufsc.br,Coordenador d"
1023,doc_1023,"Jorge Cássio Costa Nóbriga,j.cassio@ufsc.br,Subche"
1024,doc_1024,"Keysy Solange Costa Nogueira,keysy.nogueira@ufsc.b"
1025,doc_1025,"Nome,Email,Cargo,Cargo,Telefone,,Localização,
Luca"
1026,doc_1026,"Nara Rubiano da Silva,nara.rubiano@ufsc.br,No Posi"
1027,doc_1027,"Matrículas dos veteranos
Matrículas dos Veteranos
"
1028,doc_1028,"2. Ter o currículo do curso, para verificar pré-re"
1029,doc_1029,2ª Etapa de Matrícula: Período para ajustes de mat
1030,doc_1030,"nas duas etapas anteriores.
Para se matricular em "
1031,doc_1031,"VERIFICANDO A MATRÍCULA
Para verificação do result"
1032,doc_1032,reprovadas no semestre anterior por FI (freqüência
1033,doc_1033,"cumprimento do pré-requisito .
2) A matrícula comp"
1034,doc_1034,estudante deverá repetir a matrícula na disciplina
1035,doc_1035,acarreta em dificuldades para obtenção de vaga em 
1036,doc_1036,"CURRÍCULO DO CURSO
754 - ENGENHARIA DE CONTROLE E "
1037,doc_1037,"Prof. Dr. Daniel Martins Lima
CNE:   3600 H
Formar"
1038,doc_1038,"Coordenador do Curso:
Período de Conclusão do Curs"
1039,doc_1039,"1º Fase
Tipo
Pré-Requisito
Equivalentes
Aulas
H/A
"
1040,doc_1040,"Automação (EXT 36h-a)
BLU3100
72
 Noções de algori"
1041,doc_1041,simples. Sistema de cotagem e proporções. Perspect
1042,doc_1042,"Ob
CEE6106
4
Física I
BLU6106
MAT2201
36
 Algarism"
1043,doc_1043,"Ob
MAT2111
4
Geometria Analítica
BLU6905
72
 Cálcu"
1044,doc_1044,"Ob
MAT2201
4
Cálculo 1
BLU6001
MAT2101
SeTIC - Sup"
1045,doc_1045,"Equivalentes
Aulas
H/A
Disciplina
Pré CH
72
 Conce"
1046,doc_1046,"Ob
CAC3201
4
Sistemas Digitais
BLU3201
72
 Estrutu"
1047,doc_1047,"4
Algoritmos e Estruturas de Dados
BLU3202
72
 Est"
1048,doc_1048,"Ob
CEE6209
2
Física Experimental II
BLU6209
72
Esp"
1049,doc_1049,ordinárias lineares homogêneas de ordem n. Equaçõe
1050,doc_1050,"Conjunto
3º Fase
Tipo
Pré-Requisito
Equivalentes
A"
1051,doc_1051,desenvolvimento e depuração. Projetos com micropro
1052,doc_1052,Flexão em vigas com dois ou mais materiais. Cisalh
1053,doc_1053,e tecnológico e riscos. Progresso técnico e margin
1054,doc_1054,"a)
BLU7000
72
 Carga Elétrica. Lei de Coulomb. Pri"
1055,doc_1055,Geração de energia e transmissão. Transformadores.
1056,doc_1056,"Ob
DET3301
4
Química Tecnológica
BLU3301
72
 Integ"
1057,doc_1057,"Equivalentes
Aulas
H/A
Disciplina
Pré CH
108
 Intr"
1058,doc_1058,"CAC3401
6
Sinais e Sistemas Lineares
BLU3401
108
 "
1059,doc_1059,"potência ativa, reativa, aparente e complexa, fato"
1060,doc_1060,"Gerador de Funções e Fontes.
eh
(CEE6110
eh
CEE621"
1061,doc_1061,"CAC3302
Ob
CAC3403
5
Sistemas de Automação
BLU3403"
1062,doc_1062,"eh
(MAT2111
MAT2401)
Ob
CAC6013
4
Estatística
BLU6"
1063,doc_1063,"MAT2301)
Ob
DET6014
4
Fenômenos de Transporte
BLU6"
1064,doc_1064,"Equivalentes
Aulas
H/A
Disciplina
Pré CH
108
 Estu"
1065,doc_1065,"numérica de sistemas.
eh
(CAC3101
eh
CAC3401
CAC34"
1066,doc_1066,"Ob
CAC3502
4
Eletricidade Industrial
BLU3502
108
 "
1067,doc_1067,Redes de Petri no controle de SEDs. Modelos autôma
1068,doc_1068,"CAC3504
5
Sistemas a Eventos Discretos
BLU3504
72
"
1069,doc_1069,"Foundation Fieldbus); Visão geral dos produtos.
CA"
1070,doc_1070,"Equivalentes
Aulas
H/A
Disciplina
Pré CH
36
 A nat"
1071,doc_1071,"2
Metodologia Científica
ou
(BLU2505
BLU7006)
108
"
1072,doc_1072,aplicações. Funcionamento de sistemas em regime pe
1073,doc_1073,smith e variações. Laboratório: identificação de s
1074,doc_1074,"Pneumáticas, Projeto, Seleção e Manutenção de Elem"
1075,doc_1075,"eh
(CAC3403
DET6014)
Ob
CAC3603
4
Acionamentos Hid"
1076,doc_1076,"Ob
CAC3604
4
Acionamentos Elétricos
BLU3604
72
 In"
1077,doc_1077,Tecnologia e Inovação. Desafios em CT&amp;I no Bra
1078,doc_1078,"DET1812
2
Administração
ou
(BLU1812
BLU8000)
36
  "
1079,doc_1079,"31/07/2024 09:13
de 14
Página: 7
CURRÍCULO DO CURS"
1080,doc_1080,Confiabilidade metrológica; rastreabilidade; calib
1081,doc_1081,"automação da medição de temperatura, deformação, f"
1082,doc_1082,"acionamentos, válvulas de regulação. Revisão das p"
1083,doc_1083,"BLU3702
2340 hs Ob
72
 Introdução à robótica: defi"
1084,doc_1084,"4
Introdução à Robótica Industrial
BLU3704
72
 Pro"
1085,doc_1085,"Fluxo.
CAC3603
Ob
CAC3705
4
Automação da Manufatur"
1086,doc_1086,aquisições do projeto; administração de contratos 
1087,doc_1087,"Pré-Requisito
Equivalentes
Aulas
H/A
Disciplina
Pr"
1088,doc_1088,"Equivalentes
Aulas
H/A
Disciplina
Pré CH
108
 Deta"
1089,doc_1089,"especializadas.
144 hs Ob
36
 Segurança do trabalh"
1090,doc_1090,"288
op
-
16
Disciplinas Optativas Complementares
S"
1091,doc_1091,"Equivalentes
Aulas
H/A
Disciplina
Pré CH
72
 Elabo"
1092,doc_1092,"Equivalentes
Aulas
H/A
Disciplina
Pré CH
72
  Intr"
1093,doc_1093,"semicondutores; projeto de elementos magnéticos.
C"
1094,doc_1094,"4
Processamento Digital de Sinais
BLU3015
72
 Intr"
1095,doc_1095,"4
Visão Computacional em Robótica
BLU3040
72
 Apli"
1096,doc_1096,"Sensores, Modos de Representar Incertezas, Extraçã"
1097,doc_1097,"CAC3704
Op
CAC3041
4
Robótica Móvel
BLU3041
72
 Am"
1098,doc_1098,"4
Tópicos Especiais em Mecatrônica I
BLU3048
SeTIC"
1099,doc_1099,"Equivalentes
Aulas
H/A
Disciplina
Pré CH
72
  Prog"
1100,doc_1100,"Automação
BLU3020
72
  Introdução à programação or"
1101,doc_1101,"Data, No-SQL. Sistemas SCADA.
eh
(CAC3202
CAC3505)"
1102,doc_1102,"Op
CAC3033
4
Introdução à Otimização
BLU3033
72
 D"
1103,doc_1103,"Objetos). Ferramentas para análise, projeto e test"
1104,doc_1104,software em plataformas de hardware embarcadas. Cu
1105,doc_1105,"Op
CAC3046
4
Sistemas Embarcados
BLU3046
72
 Disci"
1106,doc_1106,Projeto de sistemas digitais segundo abordagem RTL
1107,doc_1107,"Op
CAC8002
4
Inteligência Artificial
BLU8002
SeTIC"
1108,doc_1108,"Equivalentes
Aulas
H/A
Disciplina
Pré CH
72
  Mode"
1109,doc_1109,"reinicialização da matriz de covariância, métodos "
1110,doc_1110,"Sistemas
BLU3002
72
 Representação por variáveis d"
1111,doc_1111,"monovariável, extensão de resultados. Conceito de "
1112,doc_1112,controlador GPC (Generalized Predictive Control) e
1113,doc_1113,"CAC3602
Op
CAC3004
2
Introdução ao Controle Predit"
1114,doc_1114,controle. Principais estratégias de controle utili
1115,doc_1115,"realimentação, Controle Backstepping, Controle por"
1116,doc_1116,"20232
Curso:
Currículo:
Habilitação:   Engenharia "
1117,doc_1117,"Acompanhamento e Controle da Produção.
Op
DET1803
"
1118,doc_1118,"Equivalentes
Aulas
H/A
Disciplina
Pré CH
72
  Orig"
1119,doc_1119,"Teoria do Conhecimento para Engenharia
BLU7003
72
"
1120,doc_1120,O aluno deve ir a campo conhecer as dificuldades e
1121,doc_1121,"históricos. Técnica, sociedade e transformação dos"
1122,doc_1122,"sistema e sinal. Modelos estáticos e dinâmicos, po"
1123,doc_1123,"2
Introdução aos Sistemas de Controle
BLU7995
36
-"
1124,doc_1124,"Op
CEE7923
4
Língua Brasileira de Sinais
36
 Merca"
1125,doc_1125,"MAT2301
Op
MAT4741
4
Métodos Numéricos
SeTIC - Sup"
1126,doc_1126,"Pré-Requisito
Equivalentes
Aulas
H/A
Disciplina
Pr"
1127,doc_1127,"Conjunto
O estudante deverá cumprir 468h-a de exte"
1128,doc_1128,horária de extensão e 162h-a deverão ser cumpridas
1129,doc_1129,"mesma linha de formação.
- 144 horas-aula deverão "
1130,doc_1130,"complementares.
Extensão Obrigatória
O estudante d"
1131,doc_1131,apenas se os estudantes cumprirem a disciplina MAT
1132,doc_1132,"Legenda:
SeTIC - Superintendência de Governança El"
1133,doc_1133,"Outgoing
O  Programa  Outgoing  é destinado a estu"
1134,doc_1134,"no semestre anterior ao semestre do intercâmbio.
I"
1135,doc_1135,Informações e documentos para alunos participantes
1136,doc_1136,"Informações – Bolsa para HRW
Informações – Bolsa p"
1137,doc_1137,"Atividades Acadêmico-Científico-
Culturais
ORIENTA"
1138,doc_1138,Os requerimentos devem estar em formato PDF e assi
1139,doc_1139,página  https://guiadoestudante.blumenau.ufsc.br/f
1140,doc_1140,https://automacao.blumenau.ufsc.br/atividades-acad
1141,doc_1141,"Ainda tem dúvidas? Leia esse tutorial
elaborado pe"
1142,doc_1142,Além das vagas já estarem praticamente ocupadas em
1143,doc_1143,"2. Ter o currículo do curso em mãos, para verifica"
1144,doc_1144,"específico, no sistema da Secretaria Acadêmica.
4."
1145,doc_1145,• 2ª Etapa de Matrícula: Período para ajustes de m
1146,doc_1146,"Acadêmica).
Para se matricular em disciplinas de o"
1147,doc_1147,• PEDIDOS: Local onde aparecem as solicitações fei
1148,doc_1148,"disciplinas que o estudante conseguiu matrícula.
I"
1149,doc_1149,na  turma solicitada pelo estudante. O sistema pro
1150,doc_1150,"Guia do Estudante – UFSC Blumenau
https://guiadoes"
1151,doc_1151,"no histórico, procure a coordenadoria do seu curso"
1152,doc_1152,"Coordenação do Curso
Coordenador do curso: Prof. D"
1153,doc_1153,"Ramal: 48 3721-3340 ou 47 3232-514
Secretaria de C"
1154,doc_1154,"Informações PROBOLSAS
O Programa de Bolsas de Exte"
1155,doc_1155,"viabilizadas pelas atividades de extensão.
PROBOLS"
1156,doc_1156,"Cadastro do bolsista no SIGPEX
Termo de compromiss"
1157,doc_1157,"Outros documentos:
Frequência mensal de bolsista ("
1158,doc_1158,"28-08-2024 – Edital PROBOLSAS 2025
21-11-2023 – Re"
1159,doc_1159,"PROEX – Pró-Reitoria de Extensão
https://proex.ufs"
1160,doc_1160,21-03-2017 – Resultado Preliminar – Edital PROBOLS
1161,doc_1161,"09-04-2014 –  Resultado recursos PROBOLSAS 2014
31"
1162,doc_1162,"3/5
29-03-12 – Contemplados PROBOLSAS 2012
19-03-1"
1163,doc_1163,Núcleo de Cirurgia e Traumatologia Bucomaxilofacia
1164,doc_1164,Vulnerabilidade Psicossocial: coordenação anterior
1165,doc_1165,do PROBOLSAS/PROEXTENSÃO até 30 de abril de 2011. 
1166,doc_1166,resultados do PROBOLSAS foi postergada para segund
1167,doc_1167,"alguns casos. Entretanto, o aumento do número de b"
1168,doc_1168,"29/08/2024, 13:32
PROEX – Pró-Reitoria de Extensão"
1169,doc_1169,"Monitoria
 
 
 
O que é?
Monitoria é a ação pedagó"
1170,doc_1170,"disciplinas com ementas semelhantes, respeitado o "
1171,doc_1171,"curriculares, sob a supervisão dos professores por"
1172,doc_1172,"de ensino-aprendizagem dos discentes;
III- Proporc"
1173,doc_1173,"processos de aprendizagem, contribuindo para a red"
1174,doc_1174,de dados relativos ao Programa de Monitoria da UFS
1175,doc_1175,"Vida Acadêmica – Monitoria
ACESSE AQUI OS EDITAIS "
1176,doc_1176,estudantes legalmente matriculados tanto na discip
1177,doc_1177,sua inserção na mediação dos processos de ensino-a
1178,doc_1178,"de ensino-aprendizagem dos discentes;
III- Proporc"
1179,doc_1179,"processos de aprendizagem, contribuindo para a red"
1180,doc_1180,de dados relativos ao Programa de Monitoria da UFS
1181,doc_1181,"Guia do Estudante – UFSC Blumenau
https://guiadoes"
1182,doc_1182,"MINISTÉRIO DA EDUCAÇÃO
UNIVERSIDADE FEDERAL DE SAN"
1183,doc_1183,"sessão realizada em 12 de julho de 2024, conforme "
1184,doc_1184,"Boletim Oficial da UFSC.
IRINEU MANOEL DE SOUZA
 
"
1185,doc_1185,"notas referentes a 2023.2, cujo prazo para digitaç"
1186,doc_1186,"05 
Coordenadoria do curso de Engenharia de Materi"
1187,doc_1187,"exclusão de disciplinas). 
05 a 08 
DAE – 2ª Etapa"
1188,doc_1188,ensino das disciplinas que serão oferecidas em 202
1189,doc_1189,"00 
00 
00 
FLN 
00 
00 
00 
00 
00 
00 
JOI 
00 
"
1190,doc_1190,"00 
00 
00 
 
Feriados  
13 – Carnaval  
 
 
 
 
 "
1191,doc_1191,"digital com matrícula, nome, nº do processo e data"
1192,doc_1192,"19 e 20  
DAE e coordenadorias – Período de ajuste"
1193,doc_1193,Residência em Saúde – Início do primeiro semestre 
1194,doc_1194,"01 
Coordenadorias – Término do período para envio"
1195,doc_1195,"04 
Pró-Reitoria de Permanência e Assuntos Estudan"
1196,doc_1196,"anteriores. 
06 a 08 
Coordenadorias – Período par"
1197,doc_1197,"11 
Coordenadorias – Início do período de trancame"
1198,doc_1198,"de Joinville) 
 
Dias não letivos 
23 – Aniversári"
1199,doc_1199,"14 e 15 
Departamentos e alunos especiais em inter"
1200,doc_1200,"18 
Coordenadorias   
– Prazo final para levantame"
1201,doc_1201,"20 e 21 
Departamentos – Período para os alunos es"
1202,doc_1202,"departamentos de ensino. 
25 
PRAE – Início das in"
1203,doc_1203,pedagógico (com alterações que impactem o edital d
1204,doc_1204,"primeiro semestre letivo.  
12 
Coordenadorias – T"
1205,doc_1205,colação de grau e para o Serviço de Protocolo (SEP
1206,doc_1206,"JOI 
05 
05 
04 
04 
04 
04 
 
Dias não letivos 
0"
1207,doc_1207,"24 
Coordenadorias – Término do prazo para trancam"
1208,doc_1208,"estatísticos.   
26 
DAE – Disponibilização às coo"
1209,doc_1209,"03 
04 
05 
06 
07 
08 
09 
10 
11 
12 
13 
14 
15"
1210,doc_1210,"Total de dias letivos 2024.1 
Araranguá – 23 
Blum"
1211,doc_1211,"15 
DAE – Término do prazo para requerimento dos a"
1212,doc_1212,"disciplinas/turmas. 
17 
Pós-Graduação – Término d"
1213,doc_1213,"27 e 28 
Coordenadoria do curso de Engenharia de M"
1214,doc_1214,"subsequente. 
 
 
 
6 
 
31 
DAE – Término do praz"
1215,doc_1215,"T 
Q 
Q 
S 
S 
ARA 
04 
04 
04 
04 
04 
04 
BLU 
0"
1216,doc_1216,projeto pedagógico (sem alterações que impactem o 
1217,doc_1217,"departamentos, registro da aprovação no sistema PA"
1218,doc_1218,"22 
23 
24 
25 
26 
27 
28 
29 
30 
31 
 
 
 
 
DI"
1219,doc_1219,"e registro da aprovação no sistema PAAD. 
02 
DEN/"
1220,doc_1220,disponíveis (NVD) remanescentes com vistas à manif
1221,doc_1221,"disciplinas 
que 
ministram 
(conforme 
orientação"
1222,doc_1222,itens para adaptação em formato digital acessível 
1223,doc_1223,retornos com ingresso previsto para o segundo seme
1224,doc_1224,"primeiro semestre. 
02 
Coordenadorias – Término d"
1225,doc_1225,"08 
DAE e SeTIC – Fechamento da análise dos cadast"
1226,doc_1226,"line. 
12 
Pós-Graduação – Início do terceiro perí"
1227,doc_1227,"matrícula para 2024.2. 
AGOSTO 2024 
D 
S 
T 
Q 
Q"
1228,doc_1228,"Total de dias letivos 2024.2 
Araranguá, Blumenau,"
1229,doc_1229,"15 
Coordenadoria da COREMU – Programas de Residên"
1230,doc_1230,"letivo de 2024. 
16 a 19 
Coordenadorias – 1ª Etap"
1231,doc_1231,"18 
Início do recesso escolar. 
19 
Departamentos "
1232,doc_1232,"19 
Pós-Graduação – Início do segundo período leti"
1233,doc_1233,"sobre os pedidos de transferência e retorno, com i"
1234,doc_1234,(on-line). Período de matrícula para os ingressant
1235,doc_1235,"formandos para as coordenadorias dos cursos.  
23 "
1236,doc_1236,"25 
Término do recesso escolar. 
26 
DAE e coorden"
1237,doc_1237,matrícula excepcionais (inclusões e/ou cancelament
1238,doc_1238,"30/08 e 
02/09 
Coordenadorias – Período para anál"
1239,doc_1239,referentes aos formandos do primeiro semestre leti
1240,doc_1240,"Florianópolis e Curitibanos  – 131 
Blumenau e Joi"
1241,doc_1241,"02 – Aniversário da Cidade 
(Campus de Blumenau) 
"
1242,doc_1242,"03 
SeTIC – Disponibilização aos departamentos de "
1243,doc_1243,"06 
Coordenadorias – Término do prazo para devoluç"
1244,doc_1244,"requeridos junto aos departamentos de ensino. 
09 "
1245,doc_1245,"caráter excepcional, na secretaria do curso, ajust"
1246,doc_1246,de 2024 pelas coordenadorias dos cursos de graduaç
1247,doc_1247,"OUTUBRO 2024 
D 
S 
T 
Q 
Q 
S 
S 
 
 
01 
02 
03 "
1248,doc_1248,"Total de dias letivos 2024.2 
Araranguá, Blumenau,"
1249,doc_1249,"11 
DAE – Disponibilização às coordenadorias de cu"
1250,doc_1250,"estatísticos.   
15 
DAE – Término do prazo para r"
1251,doc_1251,"21 
Pós-Graduação – Início do quarto período letiv"
1252,doc_1252,"30 
Coordenadoria do curso de Engenharia de Materi"
1253,doc_1253,referentes à participação no Programa ANDIFES de M
1254,doc_1254,"03 
04 
04 
04 
 
Dias não letivos 
02 – Finados 
"
1255,doc_1255,"disciplinas/turmas. 
11 
Centros/Coordenadorias – "
1256,doc_1256,"coordenadorias de curso, observados os termos do e"
1257,doc_1257,"D 
S 
T 
Q 
Q 
S 
S 
01 
02 
03 
04 
05 
06 
07 
0"
1258,doc_1258,"Blumenau, Florianópolis e 
Joinville – 17 
 
01 
C"
1259,doc_1259,"transferência e retorno foram deferidos, conforme "
1260,doc_1260,pertinentes às providências necessárias aos proces
1261,doc_1261,"registro da aprovação no sistema PAAD. 
10 
DEN/PR"
1262,doc_1262,"16 a 21 
Período de recuperação. 
17 
DAE e SeTIC "
1263,doc_1263,– lista de notas finais dos alunos especiais em di
1264,doc_1264,"matrícula para 2025.1. 
20 
 
Coordenadoria do cur"
1265,doc_1265,"21 
Pós-Graduação – Término do segundo período let"
1266,doc_1266,notas finais complementares à menção “I” do semest
1267,doc_1267,"27 
Departamentos – Término do prazo para a digita"
1268,doc_1268,"Blumenau – 94 
Araranguá, Curitibanos, Florianópol"
1269,doc_1269,"1 – Confraternização Universal 
 
 
 
 
 
 
 
03 
"
1270,doc_1270,"referente ao primeiro semestre letivo de 2025. 
21"
1271,doc_1271,"letivo de 2024. 
 
 
 
 
 
11 
Coordenadorias – In"
1272,doc_1272,"00 
00 
00 
00 
00 
00 
JOI 
00 
00 
00 
00 
00 
0"
1273,doc_1273,"05 – Cinzas (ponto facultativo até 
14h)  
09 – An"
1274,doc_1274,"14/05/2018 14:02
O curso
A Engenharia de Controle"
1275,doc_1275,"de engenharia, saneamento e energia, até os mais
d"
1276,doc_1276,"Automação,  Sistemas de Controle e  Introdução à
R"
1277,doc_1277,"Guia de Cursos - Engenharia de Controle e Automa…
"
1278,doc_1278,"sistemas em unidades de procução industrial e
sist"
1279,doc_1279,"Programar equipamentos automatizados.
Quantas vaga"
1280,doc_1280,"Processos, Automação da Manufatura e Informática I"
1281,doc_1281,"Qual o perfil do egresso (profissional)?
O engenhe"
1282,doc_1282,"Turno: diurno (matutino e vespertino)
Modalidade: "
1283,doc_1283,"Trancamento ou desistência de curso
Trancamento de"
1284,doc_1284,pelo Sistema Pergamum ou solicitada através do e-m
1285,doc_1285,"Guia do Estudante – UFSC Blumenau
https://guiadoes"
1286,doc_1286,"Desistência/Cancelamento de Curso
O aluno poderá i"
1287,doc_1287,"2 – Solicitar declarações negativas:
Declaração ne"
1288,doc_1288,(não digitalize-os novamente para que não quebre a
1289,doc_1289,"Segunda Chamada
SOLICITAÇÃO DE PROVA SUBSTITUTIVA "
1290,doc_1290,"Como solicitar:
1. O aluno deve acessar o Portal d"
1291,doc_1291,"atestado médico,) e enviar a solicitação em até tr"
